study,Dataset,Data group,# variables observed,Total data points,Total missing,% missing overall,Mean % missing by participant,Range of % missing by participant,# complete cases,# participants ≥85% complete
1988_whole_vs_parts,assay-intake_data.csv,All data,18,1836,0,0,0,0.00% - 0.00%,102,102
1988_whole_vs_parts,assay-intake_data.csv,Intake data,3,306,0,0,0,0.00% - 0.00%,102,102
1988_whole_vs_parts,assay-intake_data.csv,Questionnaire data,15,1530,0,0,0,0.00% - 0.00%,102,102
1990_eatdis_salad_preload,assay-hunger_data.csv,All data,5,1620,0,0,0,0.00% - 0.00%,324,324
1990_eatdis_salad_preload,assay-hunger_data.csv,Questionnaire data,5,1620,0,0,0,0.00% - 0.00%,324,324
1990_eatdis_salad_preload,assay-intake_cond-highcal_data.csv,All data,44,4752,4,0.08,0.08,0.00% - 4.55%,105,108
1990_eatdis_salad_preload,assay-intake_cond-highcal_data.csv,Questionnaire data,44,4752,4,0.08,0.08,0.00% - 4.55%,105,108
1990_eatdis_salad_preload,assay-sss_calc-diff_data.csv,All data,48,3888,135,3.47,3.47,0.00% - 10.42%,54,81
1990_eatdis_salad_preload,assay-sss_calc-diff_data.csv,Questionnaire data,48,3888,135,3.47,3.47,0.00% - 10.42%,54,81
1990_sociofeed_dannys_dinner,assay-intake_data.csv,All data,108,17280,207,1.2,1.2,0.00% - 19.44%,120,152
1990_sociofeed_dannys_dinner,assay-intake_data.csv,Intake data,62,9920,0,0,0,0.00% - 0.00%,160,160
1990_sociofeed_dannys_dinner,assay-intake_data.csv,Questionnaire data,22,3520,158,4.49,4.49,0.00% - 81.82%,143,151
1990_sociofeed_dannys_dinner,assay-intake_data.csv,Total intake variables,4,640,0,0,0,0.00% - 0.00%,160,160
1990_sss_age_yogurt,assay-demo_data.csv,All data,14,1344,0,0,0,0.00% - 0.00%,96,96
1990_sss_age_yogurt,assay-demo_data.csv,Questionnaire data,9,864,0,0,0,0.00% - 0.00%,96,96
1990_sss_age_yogurt,assay-foodpref_data.csv,All data,132,12672,367,2.9,2.9,0.00% - 42.42%,64,89
1990_sss_age_yogurt,assay-foodpref_data.csv,Questionnaire data,132,12672,367,2.9,2.9,0.00% - 42.42%,64,89
1990_sss_age_yogurt,assay-sss_data.csv,All data,110,21120,34,0.16,0.16,0.00% - 2.73%,169,192
1990_sss_age_yogurt,assay-sss_data.csv,Questionnaire data,110,21120,34,0.16,0.16,0.00% - 2.73%,169,192
1990_sss_age_yogurt,assay-upsit_data.csv,All data,44,4224,10,0.24,0.24,0.00% - 6.82%,89,96
1990_sss_age_yogurt,assay-upsit_data.csv,Questionnaire data,3,288,0,0,0,0.00% - 0.00%,96,96
1991_eatdis,assay-demo_data.csv,All data,13,2340,613,26.2,26.2,0.00% - 69.23%,17,45
1991_eatdis,assay-demo_data.csv,Questionnaire data,3,540,0,0,0,0.00% - 0.00%,180,180
1991_eatdis,assay-questionnaire_data.csv,All data,16,2752,1434,52.11,52.11,6.25% - 68.75%,0,20
1991_eatdis,assay-questionnaire_data.csv,Questionnaire data,16,2752,1434,52.11,52.11,6.25% - 68.75%,0,20
1991_eatdis,study-cafeteria_assay-intake_data.csv,All data,67,5762,1,0.02,0.02,0.00% - 1.49%,85,86
1991_eatdis,study-cafeteria_assay-intake_data.csv,Intake data,6,516,0,0,0,0.00% - 0.00%,86,86
1991_eatdis,study-cafeteria_assay-intake_data.csv,Questionnaire data,52,4472,0,0,0,0.00% - 0.00%,86,86
1991_eatdis,study-cafeteria_assay-intake_data.csv,Total intake variables,2,172,1,0.58,0.58,0.00% - 50.00%,85,85
1991_eatdis,study-cafeteria_calc-timedif_data.csv,All data,16,688,0,0,0,0.00% - 0.00%,43,43
1991_eatdis,study-cafeteria_calc-timedif_data.csv,Questionnaire data,3,129,0,0,0,0.00% - 0.00%,43,43
1991_eatdis,study-foodpref_assay-foodq_data.csv,All data,103,14420,127,0.88,0.88,0.00% - 19.42%,124,138
1991_eatdis,study-foodpref_assay-foodq_data.csv,Questionnaire data,103,14420,127,0.88,0.88,0.00% - 19.42%,124,138
1991_eatdis,study-foodpref_calc-foodinfo_data.csv,All data,6,300,68,22.67,22.67,0.00% - 66.67%,33,33
1991_eatdis,study-foodpref_calc-foodinfo_data.csv,Questionnaire data,6,300,68,22.67,22.67,0.00% - 66.67%,33,33
1991_eatdis,study-foodpref_calc-preference_data.csv,All data,15,2100,0,0,0,0.00% - 0.00%,140,140
1991_eatdis,study-foodpref_calc-preference_data.csv,Questionnaire data,15,2100,0,0,0,0.00% - 0.00%,140,140
1991_eatdis,study-smell_data.csv,All data,11,1562,242,15.49,15.49,0.00% - 36.36%,38,42
1991_eatdis,study-smell_data.csv,Questionnaire data,3,426,0,0,0,0.00% - 0.00%,142,142
1991_eatdis_hourly,assay-vas_data.csv,All data,147,16317,535,3.28,3.28,0.00% - 28.57%,53,102
1991_eatdis_hourly,assay-vas_data.csv,Questionnaire data,147,16317,535,3.28,3.28,0.00% - 28.57%,53,102
1991_eatdis_yogurt,assay-intake_data.csv,All data,160,12960,220,1.7,1.7,0.00% - 12.50%,59,81
1991_eatdis_yogurt,assay-intake_data.csv,Intake data,146,11826,190,1.61,1.61,0.00% - 12.33%,69,81
1991_eatdis_yogurt,assay-intake_data.csv,Questionnaire data,14,1134,22,1.94,1.94,0.00% - 64.29%,69,80
1991_eatdis_yogurt,assay-intake_data.csv,Total intake variables,1,81,11,13.58,13.58,0.00% - 100.00%,70,70
1991_eatdis_yogurt,assay-vas_dat.csv,All data,19,12312,265,2.15,2.15,0.00% - 73.68%,590,625
1991_eatdis_yogurt,assay-vas_dat.csv,Questionnaire data,19,12312,265,2.15,2.15,0.00% - 73.68%,590,625
1991_ivig_preload,assay-demo_data.csv,All data,10,120,0,0,0,0.00% - 0.00%,12,12
1991_ivig_preload,assay-demo_data.csv,Questionnaire data,4,48,0,0,0,0.00% - 0.00%,12,12
1991_ivig_preload,exp-ivig_assay-cck_data.csv,All data,4,1008,54,5.36,5.36,0.00% - 25.00%,198,198
1991_ivig_preload,exp-ivig_assay-cck_data.csv,Questionnaire data,3,756,0,0,0,0.00% - 0.00%,252,252
1991_ivig_preload,exp-ivig_assay-dinner_data.csv,All data,66,3564,1,0.03,0.03,0.00% - 1.52%,53,54
1991_ivig_preload,exp-ivig_assay-dinner_data.csv,Intake data,61,3294,0,0,0,0.00% - 0.00%,54,54
1991_ivig_preload,exp-ivig_assay-dinner_data.csv,Questionnaire data,5,270,1,0.37,0.37,0.00% - 20.00%,53,53
1991_ivig_preload,exp-ivig_assay-lunch_data.csv,All data,101,5454,0,0,0,0.00% - 0.00%,54,54
1991_ivig_preload,exp-ivig_assay-lunch_data.csv,Intake data,96,5184,0,0,0,0.00% - 0.00%,54,54
1991_ivig_preload,exp-ivig_assay-lunch_data.csv,Questionnaire data,5,270,0,0,0,0.00% - 0.00%,54,54
1991_ivig_preload,exp-ivig_assay-rating_data.csv,All data,11,10296,2134,20.73,20.73,0.00% - 63.64%,302,302
1991_ivig_preload,exp-ivig_assay-rating_data.csv,Questionnaire data,11,10296,2134,20.73,20.73,0.00% - 63.64%,302,302
1991_ivig_preload,exp-yogurtsss_assay-intake_data.csv,All data,107,3210,98,3.05,3.05,0.93% - 5.61%,0,30
1991_ivig_preload,exp-yogurtsss_assay-intake_data.csv,Intake data,101,3030,78,2.57,2.57,0.00% - 4.95%,8,30
1991_ivig_preload,exp-yogurtsss_assay-intake_data.csv,Questionnaire data,5,150,0,0,0,0.00% - 0.00%,30,30
1991_ivig_preload,exp-yogurtsss_assay-rating_data.csv,All data,19,684,109,15.94,15.94,0.00% - 47.37%,23,24
1991_ivig_preload,exp-yogurtsss_assay-rating_data.csv,Intake data,2,72,24,33.33,33.33,0.00% - 100.00%,24,24
1991_ivig_preload,exp-yogurtsss_assay-rating_data.csv,Questionnaire data,19,684,109,15.94,15.94,0.00% - 47.37%,23,24
1992_eatdis_deprivation,assay-demo_data.csv,All data,13,637,197,30.93,30.93,0.00% - 76.92%,3,6
1992_eatdis_deprivation,assay-demo_data.csv,Questionnaire data,9,441,123,27.89,27.89,0.00% - 77.78%,9,24
1992_eatdis_deprivation,assay-intake_data.csv,All data,91,8918,15,0.17,0.17,0.00% - 4.40%,87,98
1992_eatdis_deprivation,assay-intake_data.csv,Intake data,55,5390,0,0,0,0.00% - 0.00%,98,98
1992_eatdis_deprivation,assay-intake_data.csv,Questionnaire data,28,2744,10,0.36,0.36,0.00% - 7.14%,89,98
1992_eatdis_deprivation,assay-intake_data.csv,Total intake variables,2,196,0,0,0,0.00% - 0.00%,98,98
1992_eatdis_deprivation,sub-0343_assay-microstructure_cond-control.csv,All data,10,890,0,0,0,0.00% - 0.00%,89,89
1992_eatdis_deprivation,sub-0343_assay-microstructure_cond-control.csv,Questionnaire data,4,356,0,0,0,0.00% - 0.00%,89,89
1992_eatdis_deprivation,sub-0343_assay-microstructure_cond-deprivaiton.csv,All data,10,400,0,0,0,0.00% - 0.00%,40,40
1992_eatdis_deprivation,sub-0343_assay-microstructure_cond-deprivaiton.csv,Questionnaire data,4,160,0,0,0,0.00% - 0.00%,40,40
1992_eatdis_deprivation,sub-04db_assay-microstructure_cond-control.csv,All data,10,940,0,0,0,0.00% - 0.00%,94,94
1992_eatdis_deprivation,sub-04db_assay-microstructure_cond-control.csv,Questionnaire data,4,376,0,0,0,0.00% - 0.00%,94,94
1992_eatdis_deprivation,sub-04db_assay-microstructure_cond-deprivaiton.csv,All data,10,1430,0,0,0,0.00% - 0.00%,143,143
1992_eatdis_deprivation,sub-04db_assay-microstructure_cond-deprivaiton.csv,Questionnaire data,4,572,0,0,0,0.00% - 0.00%,143,143
1992_eatdis_deprivation,sub-0a40_assay-microstructure_cond-control.csv,All data,10,1100,0,0,0,0.00% - 0.00%,110,110
1992_eatdis_deprivation,sub-0a40_assay-microstructure_cond-control.csv,Questionnaire data,4,440,0,0,0,0.00% - 0.00%,110,110
1992_eatdis_deprivation,sub-0a40_assay-microstructure_cond-deprivaiton.csv,All data,10,970,0,0,0,0.00% - 0.00%,97,97
1992_eatdis_deprivation,sub-0a40_assay-microstructure_cond-deprivaiton.csv,Questionnaire data,4,388,0,0,0,0.00% - 0.00%,97,97
1992_eatdis_deprivation,sub-0a94_assay-microstructure_cond-control.csv,All data,10,1230,0,0,0,0.00% - 0.00%,123,123
1992_eatdis_deprivation,sub-0a94_assay-microstructure_cond-control.csv,Questionnaire data,4,492,0,0,0,0.00% - 0.00%,123,123
1992_eatdis_deprivation,sub-0a94_assay-microstructure_cond-deprivaiton.csv,All data,10,1330,0,0,0,0.00% - 0.00%,133,133
1992_eatdis_deprivation,sub-0a94_assay-microstructure_cond-deprivaiton.csv,Questionnaire data,4,532,0,0,0,0.00% - 0.00%,133,133
1992_eatdis_deprivation,sub-10bb_assay-microstructure_cond-control.csv,All data,10,1440,0,0,0,0.00% - 0.00%,144,144
1992_eatdis_deprivation,sub-10bb_assay-microstructure_cond-control.csv,Questionnaire data,4,576,0,0,0,0.00% - 0.00%,144,144
1992_eatdis_deprivation,sub-10bb_assay-microstructure_cond-deprivaiton.csv,All data,10,1050,0,0,0,0.00% - 0.00%,105,105
1992_eatdis_deprivation,sub-10bb_assay-microstructure_cond-deprivaiton.csv,Questionnaire data,4,420,0,0,0,0.00% - 0.00%,105,105
1992_eatdis_deprivation,sub-13c8_assay-microstructure_cond-control.csv,All data,8,904,0,0,0,0.00% - 0.00%,113,113
1992_eatdis_deprivation,sub-13c8_assay-microstructure_cond-control.csv,Questionnaire data,3,339,0,0,0,0.00% - 0.00%,113,113
1992_eatdis_deprivation,sub-13c8_assay-microstructure_cond-deprivaiton.csv,All data,9,1665,0,0,0,0.00% - 0.00%,185,185
1992_eatdis_deprivation,sub-13c8_assay-microstructure_cond-deprivaiton.csv,Questionnaire data,4,740,0,0,0,0.00% - 0.00%,185,185
1992_eatdis_deprivation,sub-159b_assay-microstructure_cond-control.csv,All data,10,1720,0,0,0,0.00% - 0.00%,172,172
1992_eatdis_deprivation,sub-159b_assay-microstructure_cond-control.csv,Questionnaire data,4,688,0,0,0,0.00% - 0.00%,172,172
1992_eatdis_deprivation,sub-159b_assay-microstructure_cond-deprivaiton.csv,All data,10,2230,0,0,0,0.00% - 0.00%,223,223
1992_eatdis_deprivation,sub-159b_assay-microstructure_cond-deprivaiton.csv,Questionnaire data,4,892,0,0,0,0.00% - 0.00%,223,223
1992_eatdis_deprivation,sub-1cac_assay-microstructure_cond-control.csv,All data,10,970,0,0,0,0.00% - 0.00%,97,97
1992_eatdis_deprivation,sub-1cac_assay-microstructure_cond-control.csv,Questionnaire data,4,388,0,0,0,0.00% - 0.00%,97,97
1992_eatdis_deprivation,sub-1cac_assay-microstructure_cond-deprivaiton.csv,All data,10,1170,0,0,0,0.00% - 0.00%,117,117
1992_eatdis_deprivation,sub-1cac_assay-microstructure_cond-deprivaiton.csv,Questionnaire data,4,468,0,0,0,0.00% - 0.00%,117,117
1992_eatdis_deprivation,sub-1f20_assay-microstructure_cond-control.csv,All data,10,800,0,0,0,0.00% - 0.00%,80,80
1992_eatdis_deprivation,sub-1f20_assay-microstructure_cond-control.csv,Questionnaire data,4,320,0,0,0,0.00% - 0.00%,80,80
1992_eatdis_deprivation,sub-1f20_assay-microstructure_cond-deprivaiton.csv,All data,10,1490,0,0,0,0.00% - 0.00%,149,149
1992_eatdis_deprivation,sub-1f20_assay-microstructure_cond-deprivaiton.csv,Questionnaire data,4,596,0,0,0,0.00% - 0.00%,149,149
1992_eatdis_deprivation,sub-20e1_assay-microstructure_cond-control.csv,All data,10,810,0,0,0,0.00% - 0.00%,81,81
1992_eatdis_deprivation,sub-20e1_assay-microstructure_cond-control.csv,Questionnaire data,4,324,0,0,0,0.00% - 0.00%,81,81
1992_eatdis_deprivation,sub-20e1_assay-microstructure_cond-deprivaiton.csv,All data,10,1040,0,0,0,0.00% - 0.00%,104,104
1992_eatdis_deprivation,sub-20e1_assay-microstructure_cond-deprivaiton.csv,Questionnaire data,4,416,0,0,0,0.00% - 0.00%,104,104
1992_eatdis_deprivation,sub-291b_assay-microstructure_cond-control.csv,All data,10,1440,0,0,0,0.00% - 0.00%,144,144
1992_eatdis_deprivation,sub-291b_assay-microstructure_cond-control.csv,Questionnaire data,4,576,0,0,0,0.00% - 0.00%,144,144
1992_eatdis_deprivation,sub-291b_assay-microstructure_cond-deprivaiton.csv,All data,10,1050,0,0,0,0.00% - 0.00%,105,105
1992_eatdis_deprivation,sub-291b_assay-microstructure_cond-deprivaiton.csv,Questionnaire data,4,420,0,0,0,0.00% - 0.00%,105,105
1992_eatdis_deprivation,sub-2ed4_assay-microstructure_cond-control.csv,All data,10,910,0,0,0,0.00% - 0.00%,91,91
1992_eatdis_deprivation,sub-2ed4_assay-microstructure_cond-control.csv,Questionnaire data,4,364,0,0,0,0.00% - 0.00%,91,91
1992_eatdis_deprivation,sub-2ed4_assay-microstructure_cond-deprivaiton.csv,All data,10,900,0,0,0,0.00% - 0.00%,90,90
1992_eatdis_deprivation,sub-2ed4_assay-microstructure_cond-deprivaiton.csv,Questionnaire data,4,360,0,0,0,0.00% - 0.00%,90,90
1992_eatdis_deprivation,sub-408d_assay-microstructure_cond-control.csv,All data,10,1230,0,0,0,0.00% - 0.00%,123,123
1992_eatdis_deprivation,sub-408d_assay-microstructure_cond-control.csv,Questionnaire data,4,492,0,0,0,0.00% - 0.00%,123,123
1992_eatdis_deprivation,sub-408d_assay-microstructure_cond-deprivaiton.csv,All data,10,1330,0,0,0,0.00% - 0.00%,133,133
1992_eatdis_deprivation,sub-408d_assay-microstructure_cond-deprivaiton.csv,Questionnaire data,4,532,0,0,0,0.00% - 0.00%,133,133
1992_eatdis_deprivation,sub-42c5_assay-microstructure_cond-control.csv,All data,10,810,0,0,0,0.00% - 0.00%,81,81
1992_eatdis_deprivation,sub-42c5_assay-microstructure_cond-control.csv,Questionnaire data,4,324,0,0,0,0.00% - 0.00%,81,81
1992_eatdis_deprivation,sub-42c5_assay-microstructure_cond-deprivaiton.csv,All data,10,1040,0,0,0,0.00% - 0.00%,104,104
1992_eatdis_deprivation,sub-42c5_assay-microstructure_cond-deprivaiton.csv,Questionnaire data,4,416,0,0,0,0.00% - 0.00%,104,104
1992_eatdis_deprivation,sub-44e6_assay-microstructure_cond-control.csv,All data,8,1152,64,5.56,5.56,0.00% - 12.50%,80,144
1992_eatdis_deprivation,sub-44e6_assay-microstructure_cond-control.csv,Questionnaire data,3,432,64,14.81,14.81,0.00% - 33.33%,80,80
1992_eatdis_deprivation,sub-44e6_assay-microstructure_cond-deprivaiton.csv,All data,8,760,53,6.97,6.97,0.00% - 12.50%,42,95
1992_eatdis_deprivation,sub-44e6_assay-microstructure_cond-deprivaiton.csv,Questionnaire data,3,285,53,18.6,18.6,0.00% - 33.33%,42,42
1992_eatdis_deprivation,sub-44fa_assay-microstructure_cond-control.csv,All data,10,800,0,0,0,0.00% - 0.00%,80,80
1992_eatdis_deprivation,sub-44fa_assay-microstructure_cond-control.csv,Questionnaire data,4,320,0,0,0,0.00% - 0.00%,80,80
1992_eatdis_deprivation,sub-44fa_assay-microstructure_cond-deprivaiton.csv,All data,10,1490,0,0,0,0.00% - 0.00%,149,149
1992_eatdis_deprivation,sub-44fa_assay-microstructure_cond-deprivaiton.csv,Questionnaire data,4,596,0,0,0,0.00% - 0.00%,149,149
1992_eatdis_deprivation,sub-46db_assay-microstructure_cond-control.csv,All data,9,792,0,0,0,0.00% - 0.00%,88,88
1992_eatdis_deprivation,sub-46db_assay-microstructure_cond-control.csv,Questionnaire data,4,352,0,0,0,0.00% - 0.00%,88,88
1992_eatdis_deprivation,sub-46db_assay-microstructure_cond-deprivaiton.csv,All data,9,1260,0,0,0,0.00% - 0.00%,140,140
1992_eatdis_deprivation,sub-46db_assay-microstructure_cond-deprivaiton.csv,Questionnaire data,4,560,0,0,0,0.00% - 0.00%,140,140
1992_eatdis_deprivation,sub-4750_assay-microstructure_cond-control.csv,All data,10,880,0,0,0,0.00% - 0.00%,88,88
1992_eatdis_deprivation,sub-4750_assay-microstructure_cond-control.csv,Questionnaire data,4,352,0,0,0,0.00% - 0.00%,88,88
1992_eatdis_deprivation,sub-4750_assay-microstructure_cond-deprivaiton.csv,All data,10,1950,0,0,0,0.00% - 0.00%,195,195
1992_eatdis_deprivation,sub-4750_assay-microstructure_cond-deprivaiton.csv,Questionnaire data,4,780,0,0,0,0.00% - 0.00%,195,195
1992_eatdis_deprivation,sub-4769_assay-microstructure_cond-control.csv,All data,10,1270,0,0,0,0.00% - 0.00%,127,127
1992_eatdis_deprivation,sub-4769_assay-microstructure_cond-control.csv,Questionnaire data,4,508,0,0,0,0.00% - 0.00%,127,127
1992_eatdis_deprivation,sub-4769_assay-microstructure_cond-deprivaiton.csv,All data,10,2240,0,0,0,0.00% - 0.00%,224,224
1992_eatdis_deprivation,sub-4769_assay-microstructure_cond-deprivaiton.csv,Questionnaire data,4,896,0,0,0,0.00% - 0.00%,224,224
1992_eatdis_deprivation,sub-4ca4_assay-microstructure_cond-control.csv,All data,10,1120,0,0,0,0.00% - 0.00%,112,112
1992_eatdis_deprivation,sub-4ca4_assay-microstructure_cond-control.csv,Questionnaire data,4,448,0,0,0,0.00% - 0.00%,112,112
1992_eatdis_deprivation,sub-4ca4_assay-microstructure_cond-deprivaiton.csv,All data,10,1260,8,0.63,0.63,0.00% - 80.00%,125,125
1992_eatdis_deprivation,sub-4ca4_assay-microstructure_cond-deprivaiton.csv,Questionnaire data,4,504,2,0.4,0.4,0.00% - 50.00%,125,125
1992_eatdis_deprivation,sub-5181_assay-microstructure_cond-control.csv,All data,10,1480,0,0,0,0.00% - 0.00%,148,148
1992_eatdis_deprivation,sub-5181_assay-microstructure_cond-control.csv,Questionnaire data,4,592,0,0,0,0.00% - 0.00%,148,148
1992_eatdis_deprivation,sub-5181_assay-microstructure_cond-deprivaiton.csv,All data,10,1230,0,0,0,0.00% - 0.00%,123,123
1992_eatdis_deprivation,sub-5181_assay-microstructure_cond-deprivaiton.csv,Questionnaire data,4,492,0,0,0,0.00% - 0.00%,123,123
1992_eatdis_deprivation,sub-5253_assay-microstructure_cond-control.csv,All data,10,940,0,0,0,0.00% - 0.00%,94,94
1992_eatdis_deprivation,sub-5253_assay-microstructure_cond-control.csv,Questionnaire data,4,376,0,0,0,0.00% - 0.00%,94,94
1992_eatdis_deprivation,sub-5253_assay-microstructure_cond-deprivaiton.csv,All data,10,1430,0,0,0,0.00% - 0.00%,143,143
1992_eatdis_deprivation,sub-5253_assay-microstructure_cond-deprivaiton.csv,Questionnaire data,4,572,0,0,0,0.00% - 0.00%,143,143
1992_eatdis_deprivation,sub-5326_assay-microstructure_cond-control.csv,All data,10,900,0,0,0,0.00% - 0.00%,90,90
1992_eatdis_deprivation,sub-5326_assay-microstructure_cond-control.csv,Questionnaire data,4,360,0,0,0,0.00% - 0.00%,90,90
1992_eatdis_deprivation,sub-5326_assay-microstructure_cond-deprivaiton.csv,All data,10,920,0,0,0,0.00% - 0.00%,92,92
1992_eatdis_deprivation,sub-5326_assay-microstructure_cond-deprivaiton.csv,Questionnaire data,4,368,0,0,0,0.00% - 0.00%,92,92
1992_eatdis_deprivation,sub-54b1_assay-microstructure_cond-control.csv,All data,16,4816,1734,36,36,0.00% - 37.50%,12,12
1992_eatdis_deprivation,sub-54b1_assay-microstructure_cond-control.csv,Questionnaire data,4,1204,0,0,0,0.00% - 0.00%,301,301
1992_eatdis_deprivation,sub-54b1_assay-microstructure_cond-deprivaiton.csv,All data,17,4114,1684,40.93,40.93,0.00% - 47.06%,2,2
1992_eatdis_deprivation,sub-54b1_assay-microstructure_cond-deprivaiton.csv,Questionnaire data,4,968,8,0.83,0.83,0.00% - 50.00%,238,238
1992_eatdis_deprivation,sub-5e48_assay-microstructure_cond-control.csv,All data,10,680,0,0,0,0.00% - 0.00%,68,68
1992_eatdis_deprivation,sub-5e48_assay-microstructure_cond-control.csv,Questionnaire data,4,272,0,0,0,0.00% - 0.00%,68,68
1992_eatdis_deprivation,sub-5e48_assay-microstructure_cond-deprivaiton.csv,All data,16,2656,990,37.27,37.27,0.00% - 37.50%,1,1
1992_eatdis_deprivation,sub-5e48_assay-microstructure_cond-deprivaiton.csv,Questionnaire data,4,664,0,0,0,0.00% - 0.00%,166,166
1992_eatdis_deprivation,sub-60fa_assay-microstructure_cond-control.csv,All data,10,600,0,0,0,0.00% - 0.00%,60,60
1992_eatdis_deprivation,sub-60fa_assay-microstructure_cond-control.csv,Questionnaire data,4,240,0,0,0,0.00% - 0.00%,60,60
1992_eatdis_deprivation,sub-60fa_assay-microstructure_cond-deprivaiton.csv,All data,10,790,0,0,0,0.00% - 0.00%,79,79
1992_eatdis_deprivation,sub-60fa_assay-microstructure_cond-deprivaiton.csv,Questionnaire data,4,316,0,0,0,0.00% - 0.00%,79,79
1992_eatdis_deprivation,sub-615a_assay-microstructure_cond-control.csv,All data,10,1620,0,0,0,0.00% - 0.00%,162,162
1992_eatdis_deprivation,sub-615a_assay-microstructure_cond-control.csv,Questionnaire data,4,648,0,0,0,0.00% - 0.00%,162,162
1992_eatdis_deprivation,sub-615a_assay-microstructure_cond-deprivaiton.csv,All data,10,1000,0,0,0,0.00% - 0.00%,100,100
1992_eatdis_deprivation,sub-615a_assay-microstructure_cond-deprivaiton.csv,Questionnaire data,4,400,0,0,0,0.00% - 0.00%,100,100
1992_eatdis_deprivation,sub-618a_assay-microstructure_cond-control.csv,All data,10,590,0,0,0,0.00% - 0.00%,59,59
1992_eatdis_deprivation,sub-618a_assay-microstructure_cond-control.csv,Questionnaire data,4,236,0,0,0,0.00% - 0.00%,59,59
1992_eatdis_deprivation,sub-618a_assay-microstructure_cond-deprivaiton.csv,All data,10,770,0,0,0,0.00% - 0.00%,77,77
1992_eatdis_deprivation,sub-618a_assay-microstructure_cond-deprivaiton.csv,Questionnaire data,4,308,0,0,0,0.00% - 0.00%,77,77
1992_eatdis_deprivation,sub-61bd_assay-microstructure_cond-control.csv,All data,10,900,0,0,0,0.00% - 0.00%,90,90
1992_eatdis_deprivation,sub-61bd_assay-microstructure_cond-control.csv,Questionnaire data,4,360,0,0,0,0.00% - 0.00%,90,90
1992_eatdis_deprivation,sub-61bd_assay-microstructure_cond-deprivaiton.csv,All data,10,920,0,0,0,0.00% - 0.00%,92,92
1992_eatdis_deprivation,sub-61bd_assay-microstructure_cond-deprivaiton.csv,Questionnaire data,4,368,0,0,0,0.00% - 0.00%,92,92
1992_eatdis_deprivation,sub-6517_assay-microstructure_cond-control.csv,All data,10,600,0,0,0,0.00% - 0.00%,60,60
1992_eatdis_deprivation,sub-6517_assay-microstructure_cond-control.csv,Questionnaire data,4,240,0,0,0,0.00% - 0.00%,60,60
1992_eatdis_deprivation,sub-6517_assay-microstructure_cond-deprivaiton.csv,All data,10,790,0,0,0,0.00% - 0.00%,79,79
1992_eatdis_deprivation,sub-6517_assay-microstructure_cond-deprivaiton.csv,Questionnaire data,4,316,0,0,0,0.00% - 0.00%,79,79
1992_eatdis_deprivation,sub-6881_assay-microstructure_cond-control.csv,All data,10,1620,0,0,0,0.00% - 0.00%,162,162
1992_eatdis_deprivation,sub-6881_assay-microstructure_cond-control.csv,Questionnaire data,4,648,0,0,0,0.00% - 0.00%,162,162
1992_eatdis_deprivation,sub-6881_assay-microstructure_cond-deprivaiton.csv,All data,10,1000,0,0,0,0.00% - 0.00%,100,100
1992_eatdis_deprivation,sub-6881_assay-microstructure_cond-deprivaiton.csv,Questionnaire data,4,400,0,0,0,0.00% - 0.00%,100,100
1992_eatdis_deprivation,sub-6da2_assay-microstructure_cond-control.csv,All data,10,1370,0,0,0,0.00% - 0.00%,137,137
1992_eatdis_deprivation,sub-6da2_assay-microstructure_cond-control.csv,Questionnaire data,4,548,0,0,0,0.00% - 0.00%,137,137
1992_eatdis_deprivation,sub-6da2_assay-microstructure_cond-deprivaiton.csv,All data,10,1570,0,0,0,0.00% - 0.00%,157,157
1992_eatdis_deprivation,sub-6da2_assay-microstructure_cond-deprivaiton.csv,Questionnaire data,4,628,0,0,0,0.00% - 0.00%,157,157
1992_eatdis_deprivation,sub-6fad_assay-microstructure_cond-control.csv,All data,10,2000,0,0,0,0.00% - 0.00%,200,200
1992_eatdis_deprivation,sub-6fad_assay-microstructure_cond-control.csv,Questionnaire data,4,800,0,0,0,0.00% - 0.00%,200,200
1992_eatdis_deprivation,sub-6fad_assay-microstructure_cond-deprivaiton.csv,All data,15,4275,1380,32.28,32.28,0.00% - 33.33%,9,9
1992_eatdis_deprivation,sub-6fad_assay-microstructure_cond-deprivaiton.csv,Questionnaire data,4,1140,0,0,0,0.00% - 0.00%,285,285
1992_eatdis_deprivation,sub-779d_assay-microstructure_cond-control.csv,All data,10,880,0,0,0,0.00% - 0.00%,88,88
1992_eatdis_deprivation,sub-779d_assay-microstructure_cond-control.csv,Questionnaire data,4,352,0,0,0,0.00% - 0.00%,88,88
1992_eatdis_deprivation,sub-779d_assay-microstructure_cond-deprivaiton.csv,All data,10,1950,0,0,0,0.00% - 0.00%,195,195
1992_eatdis_deprivation,sub-779d_assay-microstructure_cond-deprivaiton.csv,Questionnaire data,4,780,0,0,0,0.00% - 0.00%,195,195
1992_eatdis_deprivation,sub-7a53_assay-microstructure_cond-control.csv,All data,10,1270,0,0,0,0.00% - 0.00%,127,127
1992_eatdis_deprivation,sub-7a53_assay-microstructure_cond-control.csv,Questionnaire data,4,508,0,0,0,0.00% - 0.00%,127,127
1992_eatdis_deprivation,sub-7a53_assay-microstructure_cond-deprivaiton.csv,All data,10,2240,0,0,0,0.00% - 0.00%,224,224
1992_eatdis_deprivation,sub-7a53_assay-microstructure_cond-deprivaiton.csv,Questionnaire data,4,896,0,0,0,0.00% - 0.00%,224,224
1992_eatdis_deprivation,sub-7d9e_assay-microstructure_cond-control.csv,All data,10,800,0,0,0,0.00% - 0.00%,80,80
1992_eatdis_deprivation,sub-7d9e_assay-microstructure_cond-control.csv,Questionnaire data,4,320,0,0,0,0.00% - 0.00%,80,80
1992_eatdis_deprivation,sub-7d9e_assay-microstructure_cond-deprivaiton.csv,All data,10,560,0,0,0,0.00% - 0.00%,56,56
1992_eatdis_deprivation,sub-7d9e_assay-microstructure_cond-deprivaiton.csv,Questionnaire data,4,224,0,0,0,0.00% - 0.00%,56,56
1992_eatdis_deprivation,sub-7eba_assay-microstructure_cond-control.csv,All data,10,1140,0,0,0,0.00% - 0.00%,114,114
1992_eatdis_deprivation,sub-7eba_assay-microstructure_cond-control.csv,Questionnaire data,4,456,0,0,0,0.00% - 0.00%,114,114
1992_eatdis_deprivation,sub-7eba_assay-microstructure_cond-deprivaiton.csv,All data,10,1700,0,0,0,0.00% - 0.00%,170,170
1992_eatdis_deprivation,sub-7eba_assay-microstructure_cond-deprivaiton.csv,Questionnaire data,4,680,0,0,0,0.00% - 0.00%,170,170
1992_eatdis_deprivation,sub-7fab_assay-microstructure_cond-control.csv,All data,10,1140,0,0,0,0.00% - 0.00%,114,114
1992_eatdis_deprivation,sub-7fab_assay-microstructure_cond-control.csv,Questionnaire data,4,456,0,0,0,0.00% - 0.00%,114,114
1992_eatdis_deprivation,sub-7fab_assay-microstructure_cond-deprivaiton.csv,All data,10,900,0,0,0,0.00% - 0.00%,90,90
1992_eatdis_deprivation,sub-7fab_assay-microstructure_cond-deprivaiton.csv,Questionnaire data,4,360,0,0,0,0.00% - 0.00%,90,90
1992_eatdis_deprivation,sub-8a9b_assay-microstructure_cond-control.csv,All data,10,600,0,0,0,0.00% - 0.00%,60,60
1992_eatdis_deprivation,sub-8a9b_assay-microstructure_cond-control.csv,Questionnaire data,4,240,0,0,0,0.00% - 0.00%,60,60
1992_eatdis_deprivation,sub-8a9b_assay-microstructure_cond-deprivaiton.csv,All data,10,560,0,0,0,0.00% - 0.00%,56,56
1992_eatdis_deprivation,sub-8a9b_assay-microstructure_cond-deprivaiton.csv,Questionnaire data,4,224,0,0,0,0.00% - 0.00%,56,56
1992_eatdis_deprivation,sub-8ac8_assay-microstructure_cond-control.csv,All data,10,1800,0,0,0,0.00% - 0.00%,180,180
1992_eatdis_deprivation,sub-8ac8_assay-microstructure_cond-control.csv,Questionnaire data,4,720,0,0,0,0.00% - 0.00%,180,180
1992_eatdis_deprivation,sub-8ac8_assay-microstructure_cond-deprivaiton.csv,All data,10,1840,0,0,0,0.00% - 0.00%,184,184
1992_eatdis_deprivation,sub-8ac8_assay-microstructure_cond-deprivaiton.csv,Questionnaire data,4,736,0,0,0,0.00% - 0.00%,184,184
1992_eatdis_deprivation,sub-8b33_assay-microstructure_cond-control.csv,All data,10,1100,0,0,0,0.00% - 0.00%,110,110
1992_eatdis_deprivation,sub-8b33_assay-microstructure_cond-control.csv,Questionnaire data,4,440,0,0,0,0.00% - 0.00%,110,110
1992_eatdis_deprivation,sub-8b33_assay-microstructure_cond-deprivaiton.csv,All data,10,970,0,0,0,0.00% - 0.00%,97,97
1992_eatdis_deprivation,sub-8b33_assay-microstructure_cond-deprivaiton.csv,Questionnaire data,4,388,0,0,0,0.00% - 0.00%,97,97
1992_eatdis_deprivation,sub-8dbe_assay-microstructure_cond-control.csv,All data,9,792,0,0,0,0.00% - 0.00%,88,88
1992_eatdis_deprivation,sub-8dbe_assay-microstructure_cond-control.csv,Questionnaire data,4,352,0,0,0,0.00% - 0.00%,88,88
1992_eatdis_deprivation,sub-8dbe_assay-microstructure_cond-deprivaiton.csv,All data,9,1260,0,0,0,0.00% - 0.00%,140,140
1992_eatdis_deprivation,sub-8dbe_assay-microstructure_cond-deprivaiton.csv,Questionnaire data,4,560,0,0,0,0.00% - 0.00%,140,140
1992_eatdis_deprivation,sub-8e0c_assay-microstructure_cond-control.csv,All data,15,1965,650,33.08,33.08,0.00% - 33.33%,1,1
1992_eatdis_deprivation,sub-8e0c_assay-microstructure_cond-control.csv,Questionnaire data,4,524,0,0,0,0.00% - 0.00%,131,131
1992_eatdis_deprivation,sub-8e0c_assay-microstructure_cond-deprivaiton.csv,All data,10,1870,0,0,0,0.00% - 0.00%,187,187
1992_eatdis_deprivation,sub-8e0c_assay-microstructure_cond-deprivaiton.csv,Questionnaire data,4,748,0,0,0,0.00% - 0.00%,187,187
1992_eatdis_deprivation,sub-93a2_assay-microstructure_cond-control.csv,All data,10,1700,0,0,0,0.00% - 0.00%,170,170
1992_eatdis_deprivation,sub-93a2_assay-microstructure_cond-control.csv,Questionnaire data,4,680,0,0,0,0.00% - 0.00%,170,170
1992_eatdis_deprivation,sub-93a2_assay-microstructure_cond-deprivaiton.csv,All data,10,2610,0,0,0,0.00% - 0.00%,261,261
1992_eatdis_deprivation,sub-93a2_assay-microstructure_cond-deprivaiton.csv,Questionnaire data,4,1044,0,0,0,0.00% - 0.00%,261,261
1992_eatdis_deprivation,sub-94a3_assay-microstructure_cond-control.csv,All data,8,288,0,0,0,0.00% - 0.00%,36,36
1992_eatdis_deprivation,sub-94a3_assay-microstructure_cond-control.csv,Questionnaire data,3,108,0,0,0,0.00% - 0.00%,36,36
1992_eatdis_deprivation,sub-94a3_assay-microstructure_cond-deprivaiton.csv,All data,8,464,0,0,0,0.00% - 0.00%,58,58
1992_eatdis_deprivation,sub-94a3_assay-microstructure_cond-deprivaiton.csv,Questionnaire data,3,174,0,0,0,0.00% - 0.00%,58,58
1992_eatdis_deprivation,sub-9bcd_assay-microstructure_cond-control.csv,All data,10,1030,0,0,0,0.00% - 0.00%,103,103
1992_eatdis_deprivation,sub-9bcd_assay-microstructure_cond-control.csv,Questionnaire data,4,412,0,0,0,0.00% - 0.00%,103,103
1992_eatdis_deprivation,sub-9bcd_assay-microstructure_cond-deprivaiton.csv,All data,10,1030,0,0,0,0.00% - 0.00%,103,103
1992_eatdis_deprivation,sub-9bcd_assay-microstructure_cond-deprivaiton.csv,Questionnaire data,4,412,0,0,0,0.00% - 0.00%,103,103
1992_eatdis_deprivation,sub-9d89_assay-microstructure_cond-control.csv,All data,10,1140,0,0,0,0.00% - 0.00%,114,114
1992_eatdis_deprivation,sub-9d89_assay-microstructure_cond-control.csv,Questionnaire data,4,456,0,0,0,0.00% - 0.00%,114,114
1992_eatdis_deprivation,sub-9d89_assay-microstructure_cond-deprivaiton.csv,All data,10,1700,0,0,0,0.00% - 0.00%,170,170
1992_eatdis_deprivation,sub-9d89_assay-microstructure_cond-deprivaiton.csv,Questionnaire data,4,680,0,0,0,0.00% - 0.00%,170,170
1992_eatdis_deprivation,sub-ab1d_assay-microstructure_cond-control.csv,All data,10,590,0,0,0,0.00% - 0.00%,59,59
1992_eatdis_deprivation,sub-ab1d_assay-microstructure_cond-control.csv,Questionnaire data,4,236,0,0,0,0.00% - 0.00%,59,59
1992_eatdis_deprivation,sub-ab1d_assay-microstructure_cond-deprivaiton.csv,All data,10,770,0,0,0,0.00% - 0.00%,77,77
1992_eatdis_deprivation,sub-ab1d_assay-microstructure_cond-deprivaiton.csv,Questionnaire data,4,308,0,0,0,0.00% - 0.00%,77,77
1992_eatdis_deprivation,sub-ac90_assay-microstructure_cond-control.csv,All data,10,280,0,0,0,0.00% - 0.00%,28,28
1992_eatdis_deprivation,sub-ac90_assay-microstructure_cond-control.csv,Questionnaire data,4,112,0,0,0,0.00% - 0.00%,28,28
1992_eatdis_deprivation,sub-ac90_assay-microstructure_cond-deprivaiton.csv,All data,10,210,0,0,0,0.00% - 0.00%,21,21
1992_eatdis_deprivation,sub-ac90_assay-microstructure_cond-deprivaiton.csv,Questionnaire data,4,84,0,0,0,0.00% - 0.00%,21,21
1992_eatdis_deprivation,sub-b22f_assay-microstructure_cond-control.csv,All data,8,1152,64,5.56,5.56,0.00% - 12.50%,80,144
1992_eatdis_deprivation,sub-b22f_assay-microstructure_cond-control.csv,Questionnaire data,3,432,64,14.81,14.81,0.00% - 33.33%,80,80
1992_eatdis_deprivation,sub-b22f_assay-microstructure_cond-deprivaiton.csv,All data,8,760,53,6.97,6.97,0.00% - 12.50%,42,95
1992_eatdis_deprivation,sub-b22f_assay-microstructure_cond-deprivaiton.csv,Questionnaire data,3,285,53,18.6,18.6,0.00% - 33.33%,42,42
1992_eatdis_deprivation,sub-b615_assay-microstructure_cond-control.csv,All data,10,1030,0,0,0,0.00% - 0.00%,103,103
1992_eatdis_deprivation,sub-b615_assay-microstructure_cond-control.csv,Questionnaire data,4,412,0,0,0,0.00% - 0.00%,103,103
1992_eatdis_deprivation,sub-b615_assay-microstructure_cond-deprivaiton.csv,All data,10,1030,0,0,0,0.00% - 0.00%,103,103
1992_eatdis_deprivation,sub-b615_assay-microstructure_cond-deprivaiton.csv,Questionnaire data,4,412,0,0,0,0.00% - 0.00%,103,103
1992_eatdis_deprivation,sub-b6d5_assay-microstructure_cond-control.csv,All data,10,1700,0,0,0,0.00% - 0.00%,170,170
1992_eatdis_deprivation,sub-b6d5_assay-microstructure_cond-control.csv,Questionnaire data,4,680,0,0,0,0.00% - 0.00%,170,170
1992_eatdis_deprivation,sub-b6d5_assay-microstructure_cond-deprivaiton.csv,All data,10,2610,0,0,0,0.00% - 0.00%,261,261
1992_eatdis_deprivation,sub-b6d5_assay-microstructure_cond-deprivaiton.csv,Questionnaire data,4,1044,0,0,0,0.00% - 0.00%,261,261
1992_eatdis_deprivation,sub-b7da_assay-microstructure_cond-control.csv,All data,10,680,0,0,0,0.00% - 0.00%,68,68
1992_eatdis_deprivation,sub-b7da_assay-microstructure_cond-control.csv,Questionnaire data,4,272,0,0,0,0.00% - 0.00%,68,68
1992_eatdis_deprivation,sub-b7da_assay-microstructure_cond-deprivaiton.csv,All data,16,2656,990,37.27,37.27,0.00% - 37.50%,1,1
1992_eatdis_deprivation,sub-b7da_assay-microstructure_cond-deprivaiton.csv,Questionnaire data,4,664,0,0,0,0.00% - 0.00%,166,166
1992_eatdis_deprivation,sub-bb2b_assay-microstructure_cond-control.csv,All data,16,4816,1734,36,36,0.00% - 37.50%,12,12
1992_eatdis_deprivation,sub-bb2b_assay-microstructure_cond-control.csv,Questionnaire data,4,1204,0,0,0,0.00% - 0.00%,301,301
1992_eatdis_deprivation,sub-bb2b_assay-microstructure_cond-deprivaiton.csv,All data,17,4114,1684,40.93,40.93,0.00% - 47.06%,2,2
1992_eatdis_deprivation,sub-bb2b_assay-microstructure_cond-deprivaiton.csv,Questionnaire data,4,968,8,0.83,0.83,0.00% - 50.00%,238,238
1992_eatdis_deprivation,sub-bb72_assay-microstructure_cond-control.csv,All data,10,2000,0,0,0,0.00% - 0.00%,200,200
1992_eatdis_deprivation,sub-bb72_assay-microstructure_cond-control.csv,Questionnaire data,4,800,0,0,0,0.00% - 0.00%,200,200
1992_eatdis_deprivation,sub-bb72_assay-microstructure_cond-deprivaiton.csv,All data,15,4275,1380,32.28,32.28,0.00% - 33.33%,9,9
1992_eatdis_deprivation,sub-bb72_assay-microstructure_cond-deprivaiton.csv,Questionnaire data,4,1140,0,0,0,0.00% - 0.00%,285,285
1992_eatdis_deprivation,sub-bc10_assay-microstructure_cond-control.csv,All data,10,1140,0,0,0,0.00% - 0.00%,114,114
1992_eatdis_deprivation,sub-bc10_assay-microstructure_cond-control.csv,Questionnaire data,4,456,0,0,0,0.00% - 0.00%,114,114
1992_eatdis_deprivation,sub-bc10_assay-microstructure_cond-deprivaiton.csv,All data,10,900,0,0,0,0.00% - 0.00%,90,90
1992_eatdis_deprivation,sub-bc10_assay-microstructure_cond-deprivaiton.csv,Questionnaire data,4,360,0,0,0,0.00% - 0.00%,90,90
1992_eatdis_deprivation,sub-be51_assay-microstructure_cond-control.csv,All data,10,800,0,0,0,0.00% - 0.00%,80,80
1992_eatdis_deprivation,sub-be51_assay-microstructure_cond-control.csv,Questionnaire data,4,320,0,0,0,0.00% - 0.00%,80,80
1992_eatdis_deprivation,sub-be51_assay-microstructure_cond-deprivaiton.csv,All data,10,560,0,0,0,0.00% - 0.00%,56,56
1992_eatdis_deprivation,sub-be51_assay-microstructure_cond-deprivaiton.csv,Questionnaire data,4,224,0,0,0,0.00% - 0.00%,56,56
1992_eatdis_deprivation,sub-bfb5_assay-microstructure_cond-control.csv,All data,10,1760,0,0,0,0.00% - 0.00%,176,176
1992_eatdis_deprivation,sub-bfb5_assay-microstructure_cond-control.csv,Questionnaire data,4,704,0,0,0,0.00% - 0.00%,176,176
1992_eatdis_deprivation,sub-bfb5_assay-microstructure_cond-deprivaiton.csv,All data,10,1440,0,0,0,0.00% - 0.00%,144,144
1992_eatdis_deprivation,sub-bfb5_assay-microstructure_cond-deprivaiton.csv,Questionnaire data,4,576,0,0,0,0.00% - 0.00%,144,144
1992_eatdis_deprivation,sub-c4a4_assay-microstructure_cond-control.csv,All data,10,1720,0,0,0,0.00% - 0.00%,172,172
1992_eatdis_deprivation,sub-c4a4_assay-microstructure_cond-control.csv,Questionnaire data,4,688,0,0,0,0.00% - 0.00%,172,172
1992_eatdis_deprivation,sub-c4a4_assay-microstructure_cond-deprivaiton.csv,All data,10,2230,0,0,0,0.00% - 0.00%,223,223
1992_eatdis_deprivation,sub-c4a4_assay-microstructure_cond-deprivaiton.csv,Questionnaire data,4,892,0,0,0,0.00% - 0.00%,223,223
1992_eatdis_deprivation,sub-c901_assay-microstructure_cond-control.csv,All data,10,1760,0,0,0,0.00% - 0.00%,176,176
1992_eatdis_deprivation,sub-c901_assay-microstructure_cond-control.csv,Questionnaire data,4,704,0,0,0,0.00% - 0.00%,176,176
1992_eatdis_deprivation,sub-c901_assay-microstructure_cond-deprivaiton.csv,All data,10,1440,0,0,0,0.00% - 0.00%,144,144
1992_eatdis_deprivation,sub-c901_assay-microstructure_cond-deprivaiton.csv,Questionnaire data,4,576,0,0,0,0.00% - 0.00%,144,144
1992_eatdis_deprivation,sub-cb3f_assay-microstructure_cond-control.csv,All data,10,1480,0,0,0,0.00% - 0.00%,148,148
1992_eatdis_deprivation,sub-cb3f_assay-microstructure_cond-control.csv,Questionnaire data,4,592,0,0,0,0.00% - 0.00%,148,148
1992_eatdis_deprivation,sub-cb3f_assay-microstructure_cond-deprivaiton.csv,All data,10,1230,0,0,0,0.00% - 0.00%,123,123
1992_eatdis_deprivation,sub-cb3f_assay-microstructure_cond-deprivaiton.csv,Questionnaire data,4,492,0,0,0,0.00% - 0.00%,123,123
1992_eatdis_deprivation,sub-cba4_assay-microstructure_cond-control.csv,All data,10,1920,0,0,0,0.00% - 0.00%,192,192
1992_eatdis_deprivation,sub-cba4_assay-microstructure_cond-control.csv,Questionnaire data,4,768,0,0,0,0.00% - 0.00%,192,192
1992_eatdis_deprivation,sub-cba4_assay-microstructure_cond-deprivaiton.csv,All data,10,1880,0,0,0,0.00% - 0.00%,188,188
1992_eatdis_deprivation,sub-cba4_assay-microstructure_cond-deprivaiton.csv,Questionnaire data,4,752,0,0,0,0.00% - 0.00%,188,188
1992_eatdis_deprivation,sub-d1b5_assay-microstructure_cond-control.csv,All data,10,1920,0,0,0,0.00% - 0.00%,192,192
1992_eatdis_deprivation,sub-d1b5_assay-microstructure_cond-control.csv,Questionnaire data,4,768,0,0,0,0.00% - 0.00%,192,192
1992_eatdis_deprivation,sub-d1b5_assay-microstructure_cond-deprivaiton.csv,All data,10,1880,0,0,0,0.00% - 0.00%,188,188
1992_eatdis_deprivation,sub-d1b5_assay-microstructure_cond-deprivaiton.csv,Questionnaire data,4,752,0,0,0,0.00% - 0.00%,188,188
1992_eatdis_deprivation,sub-d33f_assay-microstructure_cond-control.csv,All data,10,890,0,0,0,0.00% - 0.00%,89,89
1992_eatdis_deprivation,sub-d33f_assay-microstructure_cond-control.csv,Questionnaire data,4,356,0,0,0,0.00% - 0.00%,89,89
1992_eatdis_deprivation,sub-d33f_assay-microstructure_cond-deprivaiton.csv,All data,10,400,0,0,0,0.00% - 0.00%,40,40
1992_eatdis_deprivation,sub-d33f_assay-microstructure_cond-deprivaiton.csv,Questionnaire data,4,160,0,0,0,0.00% - 0.00%,40,40
1992_eatdis_deprivation,sub-d379_assay-microstructure_cond-control.csv,All data,10,550,0,0,0,0.00% - 0.00%,55,55
1992_eatdis_deprivation,sub-d379_assay-microstructure_cond-control.csv,Questionnaire data,4,220,0,0,0,0.00% - 0.00%,55,55
1992_eatdis_deprivation,sub-d379_assay-microstructure_cond-deprivaiton.csv,All data,10,1150,0,0,0,0.00% - 0.00%,115,115
1992_eatdis_deprivation,sub-d379_assay-microstructure_cond-deprivaiton.csv,Questionnaire data,4,460,0,0,0,0.00% - 0.00%,115,115
1992_eatdis_deprivation,sub-d426_assay-microstructure_cond-control.csv,All data,8,904,0,0,0,0.00% - 0.00%,113,113
1992_eatdis_deprivation,sub-d426_assay-microstructure_cond-control.csv,Questionnaire data,3,339,0,0,0,0.00% - 0.00%,113,113
1992_eatdis_deprivation,sub-d426_assay-microstructure_cond-deprivaiton.csv,All data,9,1665,0,0,0,0.00% - 0.00%,185,185
1992_eatdis_deprivation,sub-d426_assay-microstructure_cond-deprivaiton.csv,Questionnaire data,4,740,0,0,0,0.00% - 0.00%,185,185
1992_eatdis_deprivation,sub-d706_assay-microstructure_cond-control.csv,All data,10,1370,0,0,0,0.00% - 0.00%,137,137
1992_eatdis_deprivation,sub-d706_assay-microstructure_cond-control.csv,Questionnaire data,4,548,0,0,0,0.00% - 0.00%,137,137
1992_eatdis_deprivation,sub-d706_assay-microstructure_cond-deprivaiton.csv,All data,10,1570,0,0,0,0.00% - 0.00%,157,157
1992_eatdis_deprivation,sub-d706_assay-microstructure_cond-deprivaiton.csv,Questionnaire data,4,628,0,0,0,0.00% - 0.00%,157,157
1992_eatdis_deprivation,sub-dc6d_assay-microstructure_cond-control.csv,All data,10,280,0,0,0,0.00% - 0.00%,28,28
1992_eatdis_deprivation,sub-dc6d_assay-microstructure_cond-control.csv,Questionnaire data,4,112,0,0,0,0.00% - 0.00%,28,28
1992_eatdis_deprivation,sub-dc6d_assay-microstructure_cond-deprivaiton.csv,All data,10,210,0,0,0,0.00% - 0.00%,21,21
1992_eatdis_deprivation,sub-dc6d_assay-microstructure_cond-deprivaiton.csv,Questionnaire data,4,84,0,0,0,0.00% - 0.00%,21,21
1992_eatdis_deprivation,sub-de79_assay-microstructure_cond-control.csv,All data,15,1965,650,33.08,33.08,0.00% - 33.33%,1,1
1992_eatdis_deprivation,sub-de79_assay-microstructure_cond-control.csv,Questionnaire data,4,524,0,0,0,0.00% - 0.00%,131,131
1992_eatdis_deprivation,sub-de79_assay-microstructure_cond-deprivaiton.csv,All data,10,1870,0,0,0,0.00% - 0.00%,187,187
1992_eatdis_deprivation,sub-de79_assay-microstructure_cond-deprivaiton.csv,Questionnaire data,4,748,0,0,0,0.00% - 0.00%,187,187
1992_eatdis_deprivation,sub-df5d_assay-microstructure_cond-control.csv,All data,10,550,0,0,0,0.00% - 0.00%,55,55
1992_eatdis_deprivation,sub-df5d_assay-microstructure_cond-control.csv,Questionnaire data,4,220,0,0,0,0.00% - 0.00%,55,55
1992_eatdis_deprivation,sub-df5d_assay-microstructure_cond-deprivaiton.csv,All data,10,1150,0,0,0,0.00% - 0.00%,115,115
1992_eatdis_deprivation,sub-df5d_assay-microstructure_cond-deprivaiton.csv,Questionnaire data,4,460,0,0,0,0.00% - 0.00%,115,115
1992_eatdis_deprivation,sub-e3c3_assay-microstructure_cond-control.csv,All data,10,1800,0,0,0,0.00% - 0.00%,180,180
1992_eatdis_deprivation,sub-e3c3_assay-microstructure_cond-control.csv,Questionnaire data,4,720,0,0,0,0.00% - 0.00%,180,180
1992_eatdis_deprivation,sub-e3c3_assay-microstructure_cond-deprivaiton.csv,All data,10,1840,0,0,0,0.00% - 0.00%,184,184
1992_eatdis_deprivation,sub-e3c3_assay-microstructure_cond-deprivaiton.csv,Questionnaire data,4,736,0,0,0,0.00% - 0.00%,184,184
1992_eatdis_deprivation,sub-e7ac_assay-microstructure_cond-control.csv,All data,10,910,0,0,0,0.00% - 0.00%,91,91
1992_eatdis_deprivation,sub-e7ac_assay-microstructure_cond-control.csv,Questionnaire data,4,364,0,0,0,0.00% - 0.00%,91,91
1992_eatdis_deprivation,sub-e7ac_assay-microstructure_cond-deprivaiton.csv,All data,10,900,0,0,0,0.00% - 0.00%,90,90
1992_eatdis_deprivation,sub-e7ac_assay-microstructure_cond-deprivaiton.csv,Questionnaire data,4,360,0,0,0,0.00% - 0.00%,90,90
1992_eatdis_deprivation,sub-e874_assay-microstructure_cond-control.csv,All data,10,970,0,0,0,0.00% - 0.00%,97,97
1992_eatdis_deprivation,sub-e874_assay-microstructure_cond-control.csv,Questionnaire data,4,388,0,0,0,0.00% - 0.00%,97,97
1992_eatdis_deprivation,sub-e874_assay-microstructure_cond-deprivaiton.csv,All data,10,1170,0,0,0,0.00% - 0.00%,117,117
1992_eatdis_deprivation,sub-e874_assay-microstructure_cond-deprivaiton.csv,Questionnaire data,4,468,0,0,0,0.00% - 0.00%,117,117
1992_eatdis_deprivation,sub-ef17_assay-microstructure_cond-control.csv,All data,10,1120,0,0,0,0.00% - 0.00%,112,112
1992_eatdis_deprivation,sub-ef17_assay-microstructure_cond-control.csv,Questionnaire data,4,448,0,0,0,0.00% - 0.00%,112,112
1992_eatdis_deprivation,sub-ef17_assay-microstructure_cond-deprivaiton.csv,All data,10,1260,8,0.63,0.63,0.00% - 80.00%,125,125
1992_eatdis_deprivation,sub-ef17_assay-microstructure_cond-deprivaiton.csv,Questionnaire data,4,504,2,0.4,0.4,0.00% - 50.00%,125,125
1992_eatdis_deprivation,sub-f47d_assay-microstructure_cond-control.csv,All data,10,600,0,0,0,0.00% - 0.00%,60,60
1992_eatdis_deprivation,sub-f47d_assay-microstructure_cond-control.csv,Questionnaire data,4,240,0,0,0,0.00% - 0.00%,60,60
1992_eatdis_deprivation,sub-f47d_assay-microstructure_cond-deprivaiton.csv,All data,10,560,0,0,0,0.00% - 0.00%,56,56
1992_eatdis_deprivation,sub-f47d_assay-microstructure_cond-deprivaiton.csv,Questionnaire data,4,224,0,0,0,0.00% - 0.00%,56,56
1992_eatdis_deprivation,sub-f5ab_assay-microstructure_cond-control.csv,All data,8,288,0,0,0,0.00% - 0.00%,36,36
1992_eatdis_deprivation,sub-f5ab_assay-microstructure_cond-control.csv,Questionnaire data,3,108,0,0,0,0.00% - 0.00%,36,36
1992_eatdis_deprivation,sub-f5ab_assay-microstructure_cond-deprivaiton.csv,All data,8,464,0,0,0,0.00% - 0.00%,58,58
1992_eatdis_deprivation,sub-f5ab_assay-microstructure_cond-deprivaiton.csv,Questionnaire data,3,174,0,0,0,0.00% - 0.00%,58,58
1992_eatdis_mealtime,sub-015c_assay-microstructure_timepoint-a.csv,All data,9,2772,0,0,0,0.00% - 0.00%,308,308
1992_eatdis_mealtime,sub-015c_assay-microstructure_timepoint-a.csv,Questionnaire data,4,1232,0,0,0,0.00% - 0.00%,308,308
1992_eatdis_mealtime,sub-015c_assay-microstructure_timepoint-b.csv,All data,9,1152,0,0,0,0.00% - 0.00%,128,128
1992_eatdis_mealtime,sub-015c_assay-microstructure_timepoint-b.csv,Questionnaire data,4,512,0,0,0,0.00% - 0.00%,128,128
1992_eatdis_mealtime,sub-044b_assay-microstructure_timepoint-a.csv,All data,9,1359,0,0,0,0.00% - 0.00%,151,151
1992_eatdis_mealtime,sub-044b_assay-microstructure_timepoint-a.csv,Questionnaire data,4,604,0,0,0,0.00% - 0.00%,151,151
1992_eatdis_mealtime,sub-044b_assay-microstructure_timepoint-b.csv,All data,9,1197,0,0,0,0.00% - 0.00%,133,133
1992_eatdis_mealtime,sub-044b_assay-microstructure_timepoint-b.csv,Questionnaire data,4,532,0,0,0,0.00% - 0.00%,133,133
1992_eatdis_mealtime,sub-117e_assay-microstructure_timepoint-a.csv,All data,9,1449,0,0,0,0.00% - 0.00%,161,161
1992_eatdis_mealtime,sub-117e_assay-microstructure_timepoint-a.csv,Questionnaire data,4,644,0,0,0,0.00% - 0.00%,161,161
1992_eatdis_mealtime,sub-117e_assay-microstructure_timepoint-b.csv,All data,9,1350,0,0,0,0.00% - 0.00%,150,150
1992_eatdis_mealtime,sub-117e_assay-microstructure_timepoint-b.csv,Questionnaire data,4,600,0,0,0,0.00% - 0.00%,150,150
1992_eatdis_mealtime,sub-12e3_assay-microstructure_timepoint-a.csv,All data,9,1359,0,0,0,0.00% - 0.00%,151,151
1992_eatdis_mealtime,sub-12e3_assay-microstructure_timepoint-a.csv,Questionnaire data,4,604,0,0,0,0.00% - 0.00%,151,151
1992_eatdis_mealtime,sub-12e3_assay-microstructure_timepoint-b.csv,All data,9,1197,0,0,0,0.00% - 0.00%,133,133
1992_eatdis_mealtime,sub-12e3_assay-microstructure_timepoint-b.csv,Questionnaire data,4,532,0,0,0,0.00% - 0.00%,133,133
1992_eatdis_mealtime,sub-26b1_assay-microstructure_timepoint-a.csv,All data,9,828,0,0,0,0.00% - 0.00%,92,92
1992_eatdis_mealtime,sub-26b1_assay-microstructure_timepoint-a.csv,Questionnaire data,4,368,0,0,0,0.00% - 0.00%,92,92
1992_eatdis_mealtime,sub-26b1_assay-microstructure_timepoint-b.csv,All data,9,738,0,0,0,0.00% - 0.00%,82,82
1992_eatdis_mealtime,sub-26b1_assay-microstructure_timepoint-b.csv,Questionnaire data,4,328,0,0,0,0.00% - 0.00%,82,82
1992_eatdis_mealtime,sub-2a94_assay-microstructure_timepoint-a.csv,All data,9,1197,0,0,0,0.00% - 0.00%,133,133
1992_eatdis_mealtime,sub-2a94_assay-microstructure_timepoint-a.csv,Questionnaire data,4,532,0,0,0,0.00% - 0.00%,133,133
1992_eatdis_mealtime,sub-2a94_assay-microstructure_timepoint-b.csv,All data,9,1368,0,0,0,0.00% - 0.00%,152,152
1992_eatdis_mealtime,sub-2a94_assay-microstructure_timepoint-b.csv,Questionnaire data,4,608,0,0,0,0.00% - 0.00%,152,152
1992_eatdis_mealtime,sub-31e8_assay-microstructure_timepoint-a.csv,All data,9,9,0,0,0,0.00% - 0.00%,1,1
1992_eatdis_mealtime,sub-31e8_assay-microstructure_timepoint-a.csv,Questionnaire data,4,4,0,0,0,0.00% - 0.00%,1,1
1992_eatdis_mealtime,sub-31e8_assay-microstructure_timepoint-b.csv,All data,9,1233,0,0,0,0.00% - 0.00%,137,137
1992_eatdis_mealtime,sub-31e8_assay-microstructure_timepoint-b.csv,Questionnaire data,4,548,0,0,0,0.00% - 0.00%,137,137
1992_eatdis_mealtime,sub-3520_assay-microstructure_timepoint-a.csv,All data,9,1359,0,0,0,0.00% - 0.00%,151,151
1992_eatdis_mealtime,sub-3520_assay-microstructure_timepoint-a.csv,Questionnaire data,4,604,0,0,0,0.00% - 0.00%,151,151
1992_eatdis_mealtime,sub-3520_assay-microstructure_timepoint-b.csv,All data,9,1197,0,0,0,0.00% - 0.00%,133,133
1992_eatdis_mealtime,sub-3520_assay-microstructure_timepoint-b.csv,Questionnaire data,4,532,0,0,0,0.00% - 0.00%,133,133
1992_eatdis_mealtime,sub-3749_assay-microstructure_timepoint-a.csv,All data,9,2772,0,0,0,0.00% - 0.00%,308,308
1992_eatdis_mealtime,sub-3749_assay-microstructure_timepoint-a.csv,Questionnaire data,4,1232,0,0,0,0.00% - 0.00%,308,308
1992_eatdis_mealtime,sub-3749_assay-microstructure_timepoint-b.csv,All data,9,1152,0,0,0,0.00% - 0.00%,128,128
1992_eatdis_mealtime,sub-3749_assay-microstructure_timepoint-b.csv,Questionnaire data,4,512,0,0,0,0.00% - 0.00%,128,128
1992_eatdis_mealtime,sub-3ba4_assay-microstructure_timepoint-a.csv,All data,9,558,0,0,0,0.00% - 0.00%,62,62
1992_eatdis_mealtime,sub-3ba4_assay-microstructure_timepoint-a.csv,Questionnaire data,4,248,0,0,0,0.00% - 0.00%,62,62
1992_eatdis_mealtime,sub-3ba4_assay-microstructure_timepoint-b.csv,All data,9,567,0,0,0,0.00% - 0.00%,63,63
1992_eatdis_mealtime,sub-3ba4_assay-microstructure_timepoint-b.csv,Questionnaire data,4,252,0,0,0,0.00% - 0.00%,63,63
1992_eatdis_mealtime,sub-4299_assay-microstructure_timepoint-a.csv,All data,9,2772,0,0,0,0.00% - 0.00%,308,308
1992_eatdis_mealtime,sub-4299_assay-microstructure_timepoint-a.csv,Questionnaire data,4,1232,0,0,0,0.00% - 0.00%,308,308
1992_eatdis_mealtime,sub-4299_assay-microstructure_timepoint-b.csv,All data,9,1152,0,0,0,0.00% - 0.00%,128,128
1992_eatdis_mealtime,sub-4299_assay-microstructure_timepoint-b.csv,Questionnaire data,4,512,0,0,0,0.00% - 0.00%,128,128
1992_eatdis_mealtime,sub-42ff_assay-microstructure_timepoint-a.csv,All data,9,9,0,0,0,0.00% - 0.00%,1,1
1992_eatdis_mealtime,sub-42ff_assay-microstructure_timepoint-a.csv,Questionnaire data,4,4,0,0,0,0.00% - 0.00%,1,1
1992_eatdis_mealtime,sub-42ff_assay-microstructure_timepoint-b.csv,All data,9,1233,0,0,0,0.00% - 0.00%,137,137
1992_eatdis_mealtime,sub-42ff_assay-microstructure_timepoint-b.csv,Questionnaire data,4,548,0,0,0,0.00% - 0.00%,137,137
1992_eatdis_mealtime,sub-4325_assay-microstructure_timepoint-a.csv,All data,9,558,0,0,0,0.00% - 0.00%,62,62
1992_eatdis_mealtime,sub-4325_assay-microstructure_timepoint-a.csv,Questionnaire data,4,248,0,0,0,0.00% - 0.00%,62,62
1992_eatdis_mealtime,sub-4325_assay-microstructure_timepoint-b.csv,All data,9,567,0,0,0,0.00% - 0.00%,63,63
1992_eatdis_mealtime,sub-4325_assay-microstructure_timepoint-b.csv,Questionnaire data,4,252,0,0,0,0.00% - 0.00%,63,63
1992_eatdis_mealtime,sub-43c1_assay-microstructure_timepoint-a.csv,All data,9,1080,0,0,0,0.00% - 0.00%,120,120
1992_eatdis_mealtime,sub-43c1_assay-microstructure_timepoint-a.csv,Questionnaire data,4,480,0,0,0,0.00% - 0.00%,120,120
1992_eatdis_mealtime,sub-43c1_assay-microstructure_timepoint-b.csv,All data,9,837,0,0,0,0.00% - 0.00%,93,93
1992_eatdis_mealtime,sub-43c1_assay-microstructure_timepoint-b.csv,Questionnaire data,4,372,0,0,0,0.00% - 0.00%,93,93
1992_eatdis_mealtime,sub-4805_assay-microstructure_timepoint-a.csv,All data,9,2070,0,0,0,0.00% - 0.00%,230,230
1992_eatdis_mealtime,sub-4805_assay-microstructure_timepoint-a.csv,Questionnaire data,4,920,0,0,0,0.00% - 0.00%,230,230
1992_eatdis_mealtime,sub-4805_assay-microstructure_timepoint-b.csv,All data,9,1881,0,0,0,0.00% - 0.00%,209,209
1992_eatdis_mealtime,sub-4805_assay-microstructure_timepoint-b.csv,Questionnaire data,4,836,0,0,0,0.00% - 0.00%,209,209
1992_eatdis_mealtime,sub-4b22_assay-microstructure_timepoint-a.csv,All data,9,1197,0,0,0,0.00% - 0.00%,133,133
1992_eatdis_mealtime,sub-4b22_assay-microstructure_timepoint-a.csv,Questionnaire data,4,532,0,0,0,0.00% - 0.00%,133,133
1992_eatdis_mealtime,sub-4b22_assay-microstructure_timepoint-b.csv,All data,9,1368,0,0,0,0.00% - 0.00%,152,152
1992_eatdis_mealtime,sub-4b22_assay-microstructure_timepoint-b.csv,Questionnaire data,4,608,0,0,0,0.00% - 0.00%,152,152
1992_eatdis_mealtime,sub-4d17_assay-microstructure_timepoint-a.csv,All data,9,828,0,0,0,0.00% - 0.00%,92,92
1992_eatdis_mealtime,sub-4d17_assay-microstructure_timepoint-a.csv,Questionnaire data,4,368,0,0,0,0.00% - 0.00%,92,92
1992_eatdis_mealtime,sub-4d17_assay-microstructure_timepoint-b.csv,All data,9,738,0,0,0,0.00% - 0.00%,82,82
1992_eatdis_mealtime,sub-4d17_assay-microstructure_timepoint-b.csv,Questionnaire data,4,328,0,0,0,0.00% - 0.00%,82,82
1992_eatdis_mealtime,sub-54a6_assay-microstructure_timepoint-a.csv,All data,9,1089,0,0,0,0.00% - 0.00%,121,121
1992_eatdis_mealtime,sub-54a6_assay-microstructure_timepoint-a.csv,Questionnaire data,4,484,0,0,0,0.00% - 0.00%,121,121
1992_eatdis_mealtime,sub-54a6_assay-microstructure_timepoint-b.csv,All data,9,1107,0,0,0,0.00% - 0.00%,123,123
1992_eatdis_mealtime,sub-54a6_assay-microstructure_timepoint-b.csv,Questionnaire data,4,492,0,0,0,0.00% - 0.00%,123,123
1992_eatdis_mealtime,sub-570b_assay-microstructure_timepoint-a.csv,All data,9,1089,0,0,0,0.00% - 0.00%,121,121
1992_eatdis_mealtime,sub-570b_assay-microstructure_timepoint-a.csv,Questionnaire data,4,484,0,0,0,0.00% - 0.00%,121,121
1992_eatdis_mealtime,sub-570b_assay-microstructure_timepoint-b.csv,All data,9,1107,0,0,0,0.00% - 0.00%,123,123
1992_eatdis_mealtime,sub-570b_assay-microstructure_timepoint-b.csv,Questionnaire data,4,492,0,0,0,0.00% - 0.00%,123,123
1992_eatdis_mealtime,sub-57f5_assay-microstructure_timepoint-a.csv,All data,9,4428,0,0,0,0.00% - 0.00%,492,492
1992_eatdis_mealtime,sub-57f5_assay-microstructure_timepoint-a.csv,Questionnaire data,4,1968,0,0,0,0.00% - 0.00%,492,492
1992_eatdis_mealtime,sub-57f5_assay-microstructure_timepoint-b.csv,All data,9,2475,0,0,0,0.00% - 0.00%,275,275
1992_eatdis_mealtime,sub-57f5_assay-microstructure_timepoint-b.csv,Questionnaire data,4,1100,0,0,0,0.00% - 0.00%,275,275
1992_eatdis_mealtime,sub-612c_assay-microstructure_timepoint-a.csv,All data,9,1017,0,0,0,0.00% - 0.00%,113,113
1992_eatdis_mealtime,sub-612c_assay-microstructure_timepoint-a.csv,Questionnaire data,4,452,0,0,0,0.00% - 0.00%,113,113
1992_eatdis_mealtime,sub-612c_assay-microstructure_timepoint-b.csv,All data,9,594,0,0,0,0.00% - 0.00%,66,66
1992_eatdis_mealtime,sub-612c_assay-microstructure_timepoint-b.csv,Questionnaire data,4,264,0,0,0,0.00% - 0.00%,66,66
1992_eatdis_mealtime,sub-68fb_assay-microstructure_timepoint-a.csv,All data,9,1017,0,0,0,0.00% - 0.00%,113,113
1992_eatdis_mealtime,sub-68fb_assay-microstructure_timepoint-a.csv,Questionnaire data,4,452,0,0,0,0.00% - 0.00%,113,113
1992_eatdis_mealtime,sub-68fb_assay-microstructure_timepoint-b.csv,All data,9,594,0,0,0,0.00% - 0.00%,66,66
1992_eatdis_mealtime,sub-68fb_assay-microstructure_timepoint-b.csv,Questionnaire data,4,264,0,0,0,0.00% - 0.00%,66,66
1992_eatdis_mealtime,sub-6fa9_assay-microstructure_timepoint-a.csv,All data,9,1449,0,0,0,0.00% - 0.00%,161,161
1992_eatdis_mealtime,sub-6fa9_assay-microstructure_timepoint-a.csv,Questionnaire data,4,644,0,0,0,0.00% - 0.00%,161,161
1992_eatdis_mealtime,sub-6fa9_assay-microstructure_timepoint-b.csv,All data,9,1350,0,0,0,0.00% - 0.00%,150,150
1992_eatdis_mealtime,sub-6fa9_assay-microstructure_timepoint-b.csv,Questionnaire data,4,600,0,0,0,0.00% - 0.00%,150,150
1992_eatdis_mealtime,sub-761f_assay-microstructure_timepoint-a.csv,All data,9,783,0,0,0,0.00% - 0.00%,87,87
1992_eatdis_mealtime,sub-761f_assay-microstructure_timepoint-a.csv,Questionnaire data,4,348,0,0,0,0.00% - 0.00%,87,87
1992_eatdis_mealtime,sub-761f_assay-microstructure_timepoint-b.csv,All data,9,1251,0,0,0,0.00% - 0.00%,139,139
1992_eatdis_mealtime,sub-761f_assay-microstructure_timepoint-b.csv,Questionnaire data,4,556,0,0,0,0.00% - 0.00%,139,139
1992_eatdis_mealtime,sub-79fb_assay-microstructure_timepoint-a.csv,All data,9,828,0,0,0,0.00% - 0.00%,92,92
1992_eatdis_mealtime,sub-79fb_assay-microstructure_timepoint-a.csv,Questionnaire data,4,368,0,0,0,0.00% - 0.00%,92,92
1992_eatdis_mealtime,sub-79fb_assay-microstructure_timepoint-b.csv,All data,9,738,0,0,0,0.00% - 0.00%,82,82
1992_eatdis_mealtime,sub-79fb_assay-microstructure_timepoint-b.csv,Questionnaire data,4,328,0,0,0,0.00% - 0.00%,82,82
1992_eatdis_mealtime,sub-86cd_assay-microstructure_timepoint-a.csv,All data,9,918,0,0,0,0.00% - 0.00%,102,102
1992_eatdis_mealtime,sub-86cd_assay-microstructure_timepoint-a.csv,Questionnaire data,4,408,0,0,0,0.00% - 0.00%,102,102
1992_eatdis_mealtime,sub-86cd_assay-microstructure_timepoint-b.csv,All data,9,954,0,0,0,0.00% - 0.00%,106,106
1992_eatdis_mealtime,sub-86cd_assay-microstructure_timepoint-b.csv,Questionnaire data,4,424,0,0,0,0.00% - 0.00%,106,106
1992_eatdis_mealtime,sub-8b39_assay-microstructure_timepoint-a.csv,All data,9,558,0,0,0,0.00% - 0.00%,62,62
1992_eatdis_mealtime,sub-8b39_assay-microstructure_timepoint-a.csv,Questionnaire data,4,248,0,0,0,0.00% - 0.00%,62,62
1992_eatdis_mealtime,sub-8b39_assay-microstructure_timepoint-b.csv,All data,9,567,0,0,0,0.00% - 0.00%,63,63
1992_eatdis_mealtime,sub-8b39_assay-microstructure_timepoint-b.csv,Questionnaire data,4,252,0,0,0,0.00% - 0.00%,63,63
1992_eatdis_mealtime,sub-960c_assay-microstructure_timepoint-a.csv,All data,9,783,0,0,0,0.00% - 0.00%,87,87
1992_eatdis_mealtime,sub-960c_assay-microstructure_timepoint-a.csv,Questionnaire data,4,348,0,0,0,0.00% - 0.00%,87,87
1992_eatdis_mealtime,sub-960c_assay-microstructure_timepoint-b.csv,All data,9,1251,0,0,0,0.00% - 0.00%,139,139
1992_eatdis_mealtime,sub-960c_assay-microstructure_timepoint-b.csv,Questionnaire data,4,556,0,0,0,0.00% - 0.00%,139,139
1992_eatdis_mealtime,sub-9746_assay-microstructure_timepoint-a.csv,All data,9,918,0,0,0,0.00% - 0.00%,102,102
1992_eatdis_mealtime,sub-9746_assay-microstructure_timepoint-a.csv,Questionnaire data,4,408,0,0,0,0.00% - 0.00%,102,102
1992_eatdis_mealtime,sub-9746_assay-microstructure_timepoint-b.csv,All data,9,954,0,0,0,0.00% - 0.00%,106,106
1992_eatdis_mealtime,sub-9746_assay-microstructure_timepoint-b.csv,Questionnaire data,4,424,0,0,0,0.00% - 0.00%,106,106
1992_eatdis_mealtime,sub-9935_assay-microstructure_timepoint-a.csv,All data,9,1089,0,0,0,0.00% - 0.00%,121,121
1992_eatdis_mealtime,sub-9935_assay-microstructure_timepoint-a.csv,Questionnaire data,4,484,0,0,0,0.00% - 0.00%,121,121
1992_eatdis_mealtime,sub-9935_assay-microstructure_timepoint-b.csv,All data,9,630,0,0,0,0.00% - 0.00%,70,70
1992_eatdis_mealtime,sub-9935_assay-microstructure_timepoint-b.csv,Questionnaire data,4,280,0,0,0,0.00% - 0.00%,70,70
1992_eatdis_mealtime,sub-9996_assay-microstructure_timepoint-a.csv,All data,9,1089,0,0,0,0.00% - 0.00%,121,121
1992_eatdis_mealtime,sub-9996_assay-microstructure_timepoint-a.csv,Questionnaire data,4,484,0,0,0,0.00% - 0.00%,121,121
1992_eatdis_mealtime,sub-9996_assay-microstructure_timepoint-b.csv,All data,9,630,0,0,0,0.00% - 0.00%,70,70
1992_eatdis_mealtime,sub-9996_assay-microstructure_timepoint-b.csv,Questionnaire data,4,280,0,0,0,0.00% - 0.00%,70,70
1992_eatdis_mealtime,sub-9d62_assay-microstructure_timepoint-a.csv,All data,9,1044,0,0,0,0.00% - 0.00%,116,116
1992_eatdis_mealtime,sub-9d62_assay-microstructure_timepoint-a.csv,Questionnaire data,4,464,0,0,0,0.00% - 0.00%,116,116
1992_eatdis_mealtime,sub-9d62_assay-microstructure_timepoint-b.csv,All data,9,819,0,0,0,0.00% - 0.00%,91,91
1992_eatdis_mealtime,sub-9d62_assay-microstructure_timepoint-b.csv,Questionnaire data,4,364,0,0,0,0.00% - 0.00%,91,91
1992_eatdis_mealtime,sub-9ec8_assay-microstructure_timepoint-a.csv,All data,9,4428,0,0,0,0.00% - 0.00%,492,492
1992_eatdis_mealtime,sub-9ec8_assay-microstructure_timepoint-a.csv,Questionnaire data,4,1968,0,0,0,0.00% - 0.00%,492,492
1992_eatdis_mealtime,sub-9ec8_assay-microstructure_timepoint-b.csv,All data,9,2475,0,0,0,0.00% - 0.00%,275,275
1992_eatdis_mealtime,sub-9ec8_assay-microstructure_timepoint-b.csv,Questionnaire data,4,1100,0,0,0,0.00% - 0.00%,275,275
1992_eatdis_mealtime,sub-a72e_assay-microstructure_timepoint-a.csv,All data,9,1044,0,0,0,0.00% - 0.00%,116,116
1992_eatdis_mealtime,sub-a72e_assay-microstructure_timepoint-a.csv,Questionnaire data,4,464,0,0,0,0.00% - 0.00%,116,116
1992_eatdis_mealtime,sub-a72e_assay-microstructure_timepoint-b.csv,All data,9,819,0,0,0,0.00% - 0.00%,91,91
1992_eatdis_mealtime,sub-a72e_assay-microstructure_timepoint-b.csv,Questionnaire data,4,364,0,0,0,0.00% - 0.00%,91,91
1992_eatdis_mealtime,sub-aaca_assay-microstructure_timepoint-a.csv,All data,9,1044,0,0,0,0.00% - 0.00%,116,116
1992_eatdis_mealtime,sub-aaca_assay-microstructure_timepoint-a.csv,Questionnaire data,4,464,0,0,0,0.00% - 0.00%,116,116
1992_eatdis_mealtime,sub-aaca_assay-microstructure_timepoint-b.csv,All data,9,819,0,0,0,0.00% - 0.00%,91,91
1992_eatdis_mealtime,sub-aaca_assay-microstructure_timepoint-b.csv,Questionnaire data,4,364,0,0,0,0.00% - 0.00%,91,91
1992_eatdis_mealtime,sub-b134_assay-microstructure_timepoint-a.csv,All data,9,1449,0,0,0,0.00% - 0.00%,161,161
1992_eatdis_mealtime,sub-b134_assay-microstructure_timepoint-a.csv,Questionnaire data,4,644,0,0,0,0.00% - 0.00%,161,161
1992_eatdis_mealtime,sub-b134_assay-microstructure_timepoint-b.csv,All data,9,1350,0,0,0,0.00% - 0.00%,150,150
1992_eatdis_mealtime,sub-b134_assay-microstructure_timepoint-b.csv,Questionnaire data,4,600,0,0,0,0.00% - 0.00%,150,150
1992_eatdis_mealtime,sub-b451_assay-microstructure_timepoint-a.csv,All data,9,9,0,0,0,0.00% - 0.00%,1,1
1992_eatdis_mealtime,sub-b451_assay-microstructure_timepoint-a.csv,Questionnaire data,4,4,0,0,0,0.00% - 0.00%,1,1
1992_eatdis_mealtime,sub-b451_assay-microstructure_timepoint-b.csv,All data,9,1233,0,0,0,0.00% - 0.00%,137,137
1992_eatdis_mealtime,sub-b451_assay-microstructure_timepoint-b.csv,Questionnaire data,4,548,0,0,0,0.00% - 0.00%,137,137
1992_eatdis_mealtime,sub-c4dc_assay-microstructure_timepoint-a.csv,All data,9,4428,0,0,0,0.00% - 0.00%,492,492
1992_eatdis_mealtime,sub-c4dc_assay-microstructure_timepoint-a.csv,Questionnaire data,4,1968,0,0,0,0.00% - 0.00%,492,492
1992_eatdis_mealtime,sub-c4dc_assay-microstructure_timepoint-b.csv,All data,9,2475,0,0,0,0.00% - 0.00%,275,275
1992_eatdis_mealtime,sub-c4dc_assay-microstructure_timepoint-b.csv,Questionnaire data,4,1100,0,0,0,0.00% - 0.00%,275,275
1992_eatdis_mealtime,sub-c524_assay-microstructure_timepoint-a.csv,All data,9,1017,0,0,0,0.00% - 0.00%,113,113
1992_eatdis_mealtime,sub-c524_assay-microstructure_timepoint-a.csv,Questionnaire data,4,452,0,0,0,0.00% - 0.00%,113,113
1992_eatdis_mealtime,sub-c524_assay-microstructure_timepoint-b.csv,All data,9,594,0,0,0,0.00% - 0.00%,66,66
1992_eatdis_mealtime,sub-c524_assay-microstructure_timepoint-b.csv,Questionnaire data,4,264,0,0,0,0.00% - 0.00%,66,66
1992_eatdis_mealtime,sub-c52c_assay-microstructure_timepoint-a.csv,All data,9,783,0,0,0,0.00% - 0.00%,87,87
1992_eatdis_mealtime,sub-c52c_assay-microstructure_timepoint-a.csv,Questionnaire data,4,348,0,0,0,0.00% - 0.00%,87,87
1992_eatdis_mealtime,sub-c52c_assay-microstructure_timepoint-b.csv,All data,9,1251,0,0,0,0.00% - 0.00%,139,139
1992_eatdis_mealtime,sub-c52c_assay-microstructure_timepoint-b.csv,Questionnaire data,4,556,0,0,0,0.00% - 0.00%,139,139
1992_eatdis_mealtime,sub-c5c4_assay-microstructure_timepoint-a.csv,All data,9,1080,0,0,0,0.00% - 0.00%,120,120
1992_eatdis_mealtime,sub-c5c4_assay-microstructure_timepoint-a.csv,Questionnaire data,4,480,0,0,0,0.00% - 0.00%,120,120
1992_eatdis_mealtime,sub-c5c4_assay-microstructure_timepoint-b.csv,All data,9,837,0,0,0,0.00% - 0.00%,93,93
1992_eatdis_mealtime,sub-c5c4_assay-microstructure_timepoint-b.csv,Questionnaire data,4,372,0,0,0,0.00% - 0.00%,93,93
1992_eatdis_mealtime,sub-cfd3_assay-microstructure_timepoint-a.csv,All data,9,918,0,0,0,0.00% - 0.00%,102,102
1992_eatdis_mealtime,sub-cfd3_assay-microstructure_timepoint-a.csv,Questionnaire data,4,408,0,0,0,0.00% - 0.00%,102,102
1992_eatdis_mealtime,sub-cfd3_assay-microstructure_timepoint-b.csv,All data,9,954,0,0,0,0.00% - 0.00%,106,106
1992_eatdis_mealtime,sub-cfd3_assay-microstructure_timepoint-b.csv,Questionnaire data,4,424,0,0,0,0.00% - 0.00%,106,106
1992_eatdis_mealtime,sub-d2aa_assay-microstructure_timepoint-a.csv,All data,9,1089,0,0,0,0.00% - 0.00%,121,121
1992_eatdis_mealtime,sub-d2aa_assay-microstructure_timepoint-a.csv,Questionnaire data,4,484,0,0,0,0.00% - 0.00%,121,121
1992_eatdis_mealtime,sub-d2aa_assay-microstructure_timepoint-b.csv,All data,9,630,0,0,0,0.00% - 0.00%,70,70
1992_eatdis_mealtime,sub-d2aa_assay-microstructure_timepoint-b.csv,Questionnaire data,4,280,0,0,0,0.00% - 0.00%,70,70
1992_eatdis_mealtime,sub-da6e_assay-microstructure_timepoint-a.csv,All data,9,2070,0,0,0,0.00% - 0.00%,230,230
1992_eatdis_mealtime,sub-da6e_assay-microstructure_timepoint-a.csv,Questionnaire data,4,920,0,0,0,0.00% - 0.00%,230,230
1992_eatdis_mealtime,sub-da6e_assay-microstructure_timepoint-b.csv,All data,9,1881,0,0,0,0.00% - 0.00%,209,209
1992_eatdis_mealtime,sub-da6e_assay-microstructure_timepoint-b.csv,Questionnaire data,4,836,0,0,0,0.00% - 0.00%,209,209
1992_eatdis_mealtime,sub-e6b2_assay-microstructure_timepoint-a.csv,All data,9,1197,0,0,0,0.00% - 0.00%,133,133
1992_eatdis_mealtime,sub-e6b2_assay-microstructure_timepoint-a.csv,Questionnaire data,4,532,0,0,0,0.00% - 0.00%,133,133
1992_eatdis_mealtime,sub-e6b2_assay-microstructure_timepoint-b.csv,All data,9,1368,0,0,0,0.00% - 0.00%,152,152
1992_eatdis_mealtime,sub-e6b2_assay-microstructure_timepoint-b.csv,Questionnaire data,4,608,0,0,0,0.00% - 0.00%,152,152
1992_eatdis_mealtime,sub-e7dc_assay-microstructure_timepoint-a.csv,All data,9,1089,0,0,0,0.00% - 0.00%,121,121
1992_eatdis_mealtime,sub-e7dc_assay-microstructure_timepoint-a.csv,Questionnaire data,4,484,0,0,0,0.00% - 0.00%,121,121
1992_eatdis_mealtime,sub-e7dc_assay-microstructure_timepoint-b.csv,All data,9,1107,0,0,0,0.00% - 0.00%,123,123
1992_eatdis_mealtime,sub-e7dc_assay-microstructure_timepoint-b.csv,Questionnaire data,4,492,0,0,0,0.00% - 0.00%,123,123
1992_eatdis_mealtime,sub-eac6_assay-microstructure_timepoint-a.csv,All data,9,2070,0,0,0,0.00% - 0.00%,230,230
1992_eatdis_mealtime,sub-eac6_assay-microstructure_timepoint-a.csv,Questionnaire data,4,920,0,0,0,0.00% - 0.00%,230,230
1992_eatdis_mealtime,sub-eac6_assay-microstructure_timepoint-b.csv,All data,9,1881,0,0,0,0.00% - 0.00%,209,209
1992_eatdis_mealtime,sub-eac6_assay-microstructure_timepoint-b.csv,Questionnaire data,4,836,0,0,0,0.00% - 0.00%,209,209
1992_eatdis_mealtime,sub-f1e2_assay-microstructure_timepoint-a.csv,All data,9,1080,0,0,0,0.00% - 0.00%,120,120
1992_eatdis_mealtime,sub-f1e2_assay-microstructure_timepoint-a.csv,Questionnaire data,4,480,0,0,0,0.00% - 0.00%,120,120
1992_eatdis_mealtime,sub-f1e2_assay-microstructure_timepoint-b.csv,All data,9,837,0,0,0,0.00% - 0.00%,93,93
1992_eatdis_mealtime,sub-f1e2_assay-microstructure_timepoint-b.csv,Questionnaire data,4,372,0,0,0,0.00% - 0.00%,93,93
