study_folder,file_name,n_rows,n_variables,total_missing,percent_missing_overall,mean_percent_missing_participant,range_percent_missing_participant,complete_cases,participants_85_percent_complete,intake_macros_computed
1988_whole_vs_parts,assay-intake_data.csv,102,18,0,0,0,0% - 0%,102,51,No
1990_eatdis_salad_preload,assay-hunger_data.csv,324,5,0,0,0,0% - 0%,324,28,No
1990_eatdis_salad_preload,assay-intake_cond-highcal_data.csv,108,44,4,0.08,0.08,0% - 1.14%,105,27,No
1990_eatdis_salad_preload,assay-sss_calc-diff_data.csv,81,48,135,3.47,3.47,3.47% - 3.47%,54,27,No
1990_sociofeed_dannys_dinner,assay-intake_data.csv,160,108,207,1.2,1.2,0% - 19.44%,120,76,Yes
1990_sss_age_yogurt,assay-demo_data.csv,96,14,0,0,0,0% - 0%,96,96,No
1990_sss_age_yogurt,assay-foodpref_data.csv,96,132,367,2.9,2.9,0% - 42.42%,64,89,No
1990_sss_age_yogurt,assay-sss_data.csv,192,110,34,0.16,0.16,0% - 1.36%,169,96,No
1990_sss_age_yogurt,assay-upsit_data.csv,96,44,10,0.24,0.24,0% - 6.82%,89,96,No
1991_eatdis,assay-demo_data.csv,180,13,613,26.2,26.2,3.85% - 69.23%,17,28,No
1991_eatdis,assay-questionnaire_data.csv,172,16,1434,52.11,52.11,37.5% - 68.75%,0,0,No
1991_eatdis,study-cafeteria_assay-intake_data.csv,86,67,1,0.02,0.02,0% - 0.75%,85,43,Yes
1991_eatdis,study-cafeteria_calc-timedif_data.csv,43,16,0,0,0,0% - 0%,43,43,Yes
1991_eatdis,study-foodpref_assay-foodq_data.csv,140,103,127,0.88,0.88,0% - 17.48%,124,69,No
1991_eatdis,study-foodpref_calc-foodinfo_data.csv,50,6,68,22.67,,,33,,No
1991_eatdis,study-foodpref_calc-preference_data.csv,140,15,0,0,0,0% - 0%,140,70,No
1991_eatdis,study-smell_data.csv,142,11,242,15.49,15.49,0% - 31.82%,38,23,No
1991_eatdis_hourly,assay-vas_data.csv,111,147,535,3.28,2.97,0% - 19.73%,53,39,No
1991_eatdis_yogurt,assay-intake_data.csv,81,160,220,1.7,1.7,0% - 11.25%,59,27,Yes
1991_eatdis_yogurt,assay-vas_dat.csv,648,19,265,2.15,2.15,0% - 15.79%,590,25,No
1991_ivig_preload,assay-demo_data.csv,12,10,0,0,0,0% - 0%,12,12,No
1991_ivig_preload,exp-ivig_assay-cck_data.csv,252,4,54,5.36,5.36,5.36% - 5.36%,198,6,No
1991_ivig_preload,exp-ivig_assay-dinner_data.csv,54,66,1,0.03,0.02,0% - 0.25%,53,12,Yes
1991_ivig_preload,exp-ivig_assay-lunch_data.csv,54,101,0,0,0,0% - 0%,54,12,Yes
1991_ivig_preload,exp-ivig_assay-rating_data.csv,936,11,2134,20.73,20.37,19.19% - 23.62%,302,0,No
1991_ivig_preload,exp-yogurtsss_assay-intake_data.csv,30,107,98,3.05,3.05,1.87% - 4.36%,0,10,Yes
1991_ivig_preload,exp-yogurtsss_assay-rating_data.csv,36,19,109,15.94,15.94,15.79% - 16.23%,23,0,No
1992_eatdis_deprivation,assay-demo_data.csv,49,13,197,30.93,30.93,0% - 76.92%,3,6,No
1992_eatdis_deprivation,assay-intake_data.csv,98,91,15,0.17,0.17,0% - 2.2%,87,49,Yes
data,sub-015c_assay-microstructure_timepoint-a.csv,308,9,0,0,0,0% - 0%,308,1,No
data,sub-015c_assay-microstructure_timepoint-b.csv,128,9,0,0,0,0% - 0%,128,1,No
data,sub-0343_assay-microstructure_cond-control.csv,89,18,712,44.44,44.44,44.44% - 44.44%,0,0,No
data,sub-0343_assay-microstructure_cond-deprivaiton.csv,40,18,320,44.44,44.44,44.44% - 44.44%,0,0,No
data,sub-044b_assay-microstructure_timepoint-a.csv,151,9,0,0,0,0% - 0%,151,1,No
data,sub-044b_assay-microstructure_timepoint-b.csv,133,9,0,0,0,0% - 0%,133,1,No
data,sub-04db_assay-microstructure_cond-control.csv,94,18,752,44.44,44.44,44.44% - 44.44%,0,0,No
data,sub-04db_assay-microstructure_cond-deprivaiton.csv,143,18,1144,44.44,44.44,44.44% - 44.44%,0,0,No
data,sub-0a40_assay-microstructure_cond-control.csv,110,18,880,44.44,44.44,44.44% - 44.44%,0,0,No
data,sub-0a40_assay-microstructure_cond-deprivaiton.csv,97,18,776,44.44,44.44,44.44% - 44.44%,0,0,No
data,sub-0a94_assay-microstructure_cond-control.csv,123,18,984,44.44,44.44,44.44% - 44.44%,0,0,No
data,sub-0a94_assay-microstructure_cond-deprivaiton.csv,133,18,1064,44.44,44.44,44.44% - 44.44%,0,0,No
data,sub-10bb_assay-microstructure_cond-control.csv,144,18,1152,44.44,44.44,44.44% - 44.44%,0,0,No
data,sub-10bb_assay-microstructure_cond-deprivaiton.csv,105,18,840,44.44,44.44,44.44% - 44.44%,0,0,No
data,sub-117e_assay-microstructure_timepoint-a.csv,161,9,0,0,0,0% - 0%,161,1,No
data,sub-117e_assay-microstructure_timepoint-b.csv,150,9,0,0,0,0% - 0%,150,1,No
data,sub-12e3_assay-microstructure_timepoint-a.csv,151,9,0,0,0,0% - 0%,151,1,No
data,sub-12e3_assay-microstructure_timepoint-b.csv,133,9,0,0,0,0% - 0%,133,1,No
data,sub-13c8_assay-microstructure_cond-control.csv,113,14,678,42.86,42.86,42.86% - 42.86%,0,0,No
data,sub-13c8_assay-microstructure_cond-deprivaiton.csv,185,16,1295,43.75,43.75,43.75% - 43.75%,0,0,No
data,sub-159b_assay-microstructure_cond-control.csv,172,18,1376,44.44,44.44,44.44% - 44.44%,0,0,No
data,sub-159b_assay-microstructure_cond-deprivaiton.csv,223,18,1784,44.44,44.44,44.44% - 44.44%,0,0,No
data,sub-1cac_assay-microstructure_cond-control.csv,97,18,776,44.44,44.44,44.44% - 44.44%,0,0,No
data,sub-1cac_assay-microstructure_cond-deprivaiton.csv,117,18,936,44.44,44.44,44.44% - 44.44%,0,0,No
data,sub-1f20_assay-microstructure_cond-control.csv,80,18,640,44.44,44.44,44.44% - 44.44%,0,0,No
data,sub-1f20_assay-microstructure_cond-deprivaiton.csv,149,18,1192,44.44,44.44,44.44% - 44.44%,0,0,No
data,sub-20e1_assay-microstructure_cond-control.csv,81,18,648,44.44,44.44,44.44% - 44.44%,0,0,No
data,sub-20e1_assay-microstructure_cond-deprivaiton.csv,104,18,832,44.44,44.44,44.44% - 44.44%,0,0,No
data,sub-26b1_assay-microstructure_timepoint-a.csv,92,9,0,0,0,0% - 0%,92,1,No
data,sub-26b1_assay-microstructure_timepoint-b.csv,82,9,0,0,0,0% - 0%,82,1,No
data,sub-291b_assay-microstructure_cond-control.csv,144,18,1152,44.44,44.44,44.44% - 44.44%,0,0,No
data,sub-291b_assay-microstructure_cond-deprivaiton.csv,105,18,840,44.44,44.44,44.44% - 44.44%,0,0,No
data,sub-2a94_assay-microstructure_timepoint-a.csv,133,9,0,0,0,0% - 0%,133,1,No
data,sub-2a94_assay-microstructure_timepoint-b.csv,152,9,0,0,0,0% - 0%,152,1,No
data,sub-2ed4_assay-microstructure_cond-control.csv,91,18,728,44.44,44.44,44.44% - 44.44%,0,0,No
data,sub-2ed4_assay-microstructure_cond-deprivaiton.csv,90,18,720,44.44,44.44,44.44% - 44.44%,0,0,No
data,sub-31e8_assay-microstructure_timepoint-a.csv,1,9,0,0,0,0% - 0%,1,1,No
data,sub-31e8_assay-microstructure_timepoint-b.csv,137,9,0,0,0,0% - 0%,137,1,No
data,sub-3520_assay-microstructure_timepoint-a.csv,151,9,0,0,0,0% - 0%,151,1,No
data,sub-3520_assay-microstructure_timepoint-b.csv,133,9,0,0,0,0% - 0%,133,1,No
data,sub-3749_assay-microstructure_timepoint-a.csv,308,9,0,0,0,0% - 0%,308,1,No
data,sub-3749_assay-microstructure_timepoint-b.csv,128,9,0,0,0,0% - 0%,128,1,No
data,sub-3ba4_assay-microstructure_timepoint-a.csv,62,9,0,0,0,0% - 0%,62,1,No
data,sub-3ba4_assay-microstructure_timepoint-b.csv,63,9,0,0,0,0% - 0%,63,1,No
data,sub-408d_assay-microstructure_cond-control.csv,123,18,984,44.44,44.44,44.44% - 44.44%,0,0,No
data,sub-408d_assay-microstructure_cond-deprivaiton.csv,133,18,1064,44.44,44.44,44.44% - 44.44%,0,0,No
data,sub-4299_assay-microstructure_timepoint-a.csv,308,9,0,0,0,0% - 0%,308,1,No
data,sub-4299_assay-microstructure_timepoint-b.csv,128,9,0,0,0,0% - 0%,128,1,No
data,sub-42c5_assay-microstructure_cond-control.csv,81,18,648,44.44,44.44,44.44% - 44.44%,0,0,No
data,sub-42c5_assay-microstructure_cond-deprivaiton.csv,104,18,832,44.44,44.44,44.44% - 44.44%,0,0,No
data,sub-42ff_assay-microstructure_timepoint-a.csv,1,9,0,0,0,0% - 0%,1,1,No
data,sub-42ff_assay-microstructure_timepoint-b.csv,137,9,0,0,0,0% - 0%,137,1,No
data,sub-4325_assay-microstructure_timepoint-a.csv,62,9,0,0,0,0% - 0%,62,1,No
data,sub-4325_assay-microstructure_timepoint-b.csv,63,9,0,0,0,0% - 0%,63,1,No
data,sub-43c1_assay-microstructure_timepoint-a.csv,120,9,0,0,0,0% - 0%,120,1,No
data,sub-43c1_assay-microstructure_timepoint-b.csv,93,9,0,0,0,0% - 0%,93,1,No
data,sub-44e6_assay-microstructure_cond-control.csv,144,14,928,46.03,46.03,46.03% - 46.03%,0,0,No
data,sub-44e6_assay-microstructure_cond-deprivaiton.csv,95,14,623,46.84,46.84,46.84% - 46.84%,0,0,No
data,sub-44fa_assay-microstructure_cond-control.csv,80,18,640,44.44,44.44,44.44% - 44.44%,0,0,No
data,sub-44fa_assay-microstructure_cond-deprivaiton.csv,149,18,1192,44.44,44.44,44.44% - 44.44%,0,0,No
data,sub-46db_assay-microstructure_cond-control.csv,88,16,616,43.75,43.75,43.75% - 43.75%,0,0,No
data,sub-46db_assay-microstructure_cond-deprivaiton.csv,140,16,980,43.75,43.75,43.75% - 43.75%,0,0,No
data,sub-4750_assay-microstructure_cond-control.csv,88,18,704,44.44,44.44,44.44% - 44.44%,0,0,No
data,sub-4750_assay-microstructure_cond-deprivaiton.csv,195,18,1560,44.44,44.44,44.44% - 44.44%,0,0,No
data,sub-4769_assay-microstructure_cond-control.csv,127,18,1016,44.44,44.44,44.44% - 44.44%,0,0,No
data,sub-4769_assay-microstructure_cond-deprivaiton.csv,224,18,1792,44.44,44.44,44.44% - 44.44%,0,0,No
data,sub-4805_assay-microstructure_timepoint-a.csv,230,9,0,0,0,0% - 0%,230,1,No
data,sub-4805_assay-microstructure_timepoint-b.csv,209,9,0,0,0,0% - 0%,209,1,No
data,sub-4b22_assay-microstructure_timepoint-a.csv,133,9,0,0,0,0% - 0%,133,1,No
data,sub-4b22_assay-microstructure_timepoint-b.csv,152,9,0,0,0,0% - 0%,152,1,No
data,sub-4ca4_assay-microstructure_cond-control.csv,112,18,896,44.44,44.44,44.44% - 44.44%,0,0,No
data,sub-4ca4_assay-microstructure_cond-deprivaiton.csv,126,18,1016,44.8,44.8,44.8% - 44.8%,0,0,No
data,sub-4d17_assay-microstructure_timepoint-a.csv,92,9,0,0,0,0% - 0%,92,1,No
data,sub-4d17_assay-microstructure_timepoint-b.csv,82,9,0,0,0,0% - 0%,82,1,No
data,sub-5181_assay-microstructure_cond-control.csv,148,18,1184,44.44,44.44,44.44% - 44.44%,0,0,No
data,sub-5181_assay-microstructure_cond-deprivaiton.csv,123,18,984,44.44,44.44,44.44% - 44.44%,0,0,No
data,sub-5253_assay-microstructure_cond-control.csv,94,18,752,44.44,44.44,44.44% - 44.44%,0,0,No
data,sub-5253_assay-microstructure_cond-deprivaiton.csv,143,18,1144,44.44,44.44,44.44% - 44.44%,0,0,No
data,sub-5326_assay-microstructure_cond-control.csv,90,18,720,44.44,44.44,44.44% - 44.44%,0,0,No
data,sub-5326_assay-microstructure_cond-deprivaiton.csv,92,18,736,44.44,44.44,44.44% - 44.44%,0,0,No
data,sub-54a6_assay-microstructure_timepoint-a.csv,121,9,0,0,0,0% - 0%,121,1,No
data,sub-54a6_assay-microstructure_timepoint-b.csv,123,9,0,0,0,0% - 0%,123,1,No
data,sub-54b1_assay-microstructure_cond-control.csv,301,18,2336,43.12,43.12,43.12% - 43.12%,0,0,No
data,sub-54b1_assay-microstructure_cond-deprivaiton.csv,242,17,1684,40.93,40.93,40.93% - 40.93%,2,0,No
data,sub-570b_assay-microstructure_timepoint-a.csv,121,9,0,0,0,0% - 0%,121,1,No
data,sub-570b_assay-microstructure_timepoint-b.csv,123,9,0,0,0,0% - 0%,123,1,No
data,sub-57f5_assay-microstructure_timepoint-a.csv,492,9,0,0,0,0% - 0%,492,1,No
data,sub-57f5_assay-microstructure_timepoint-b.csv,275,9,0,0,0,0% - 0%,275,1,No
data,sub-5e48_assay-microstructure_cond-control.csv,68,18,544,44.44,44.44,44.44% - 44.44%,0,0,No
data,sub-5e48_assay-microstructure_cond-deprivaiton.csv,166,18,1322,44.24,44.24,44.24% - 44.24%,0,0,No
data,sub-60fa_assay-microstructure_cond-control.csv,60,18,480,44.44,44.44,44.44% - 44.44%,0,0,No
data,sub-60fa_assay-microstructure_cond-deprivaiton.csv,79,18,632,44.44,44.44,44.44% - 44.44%,0,0,No
data,sub-612c_assay-microstructure_timepoint-a.csv,113,9,0,0,0,0% - 0%,113,1,No
data,sub-612c_assay-microstructure_timepoint-b.csv,66,9,0,0,0,0% - 0%,66,1,No
data,sub-615a_assay-microstructure_cond-control.csv,162,18,1296,44.44,44.44,44.44% - 44.44%,0,0,No
data,sub-615a_assay-microstructure_cond-deprivaiton.csv,100,18,800,44.44,44.44,44.44% - 44.44%,0,0,No
data,sub-618a_assay-microstructure_cond-control.csv,59,18,472,44.44,44.44,44.44% - 44.44%,0,0,No
data,sub-618a_assay-microstructure_cond-deprivaiton.csv,77,18,616,44.44,44.44,44.44% - 44.44%,0,0,No
data,sub-61bd_assay-microstructure_cond-control.csv,90,18,720,44.44,44.44,44.44% - 44.44%,0,0,No
data,sub-61bd_assay-microstructure_cond-deprivaiton.csv,92,18,736,44.44,44.44,44.44% - 44.44%,0,0,No
data,sub-6517_assay-microstructure_cond-control.csv,60,18,480,44.44,44.44,44.44% - 44.44%,0,0,No
data,sub-6517_assay-microstructure_cond-deprivaiton.csv,79,18,632,44.44,44.44,44.44% - 44.44%,0,0,No
data,sub-6881_assay-microstructure_cond-control.csv,162,18,1296,44.44,44.44,44.44% - 44.44%,0,0,No
data,sub-6881_assay-microstructure_cond-deprivaiton.csv,100,18,800,44.44,44.44,44.44% - 44.44%,0,0,No
data,sub-68fb_assay-microstructure_timepoint-a.csv,113,9,0,0,0,0% - 0%,113,1,No
data,sub-68fb_assay-microstructure_timepoint-b.csv,66,9,0,0,0,0% - 0%,66,1,No
data,sub-6da2_assay-microstructure_cond-control.csv,137,18,1096,44.44,44.44,44.44% - 44.44%,0,0,No
data,sub-6da2_assay-microstructure_cond-deprivaiton.csv,157,18,1256,44.44,44.44,44.44% - 44.44%,0,0,No
data,sub-6fa9_assay-microstructure_timepoint-a.csv,161,9,0,0,0,0% - 0%,161,1,No
data,sub-6fa9_assay-microstructure_timepoint-b.csv,150,9,0,0,0,0% - 0%,150,1,No
data,sub-6fad_assay-microstructure_cond-control.csv,200,18,1600,44.44,44.44,44.44% - 44.44%,0,0,No
data,sub-6fad_assay-microstructure_cond-deprivaiton.csv,285,18,2235,43.57,43.57,43.57% - 43.57%,0,0,No
data,sub-761f_assay-microstructure_timepoint-a.csv,87,9,0,0,0,0% - 0%,87,1,No
data,sub-761f_assay-microstructure_timepoint-b.csv,139,9,0,0,0,0% - 0%,139,1,No
data,sub-779d_assay-microstructure_cond-control.csv,88,18,704,44.44,44.44,44.44% - 44.44%,0,0,No
data,sub-779d_assay-microstructure_cond-deprivaiton.csv,195,18,1560,44.44,44.44,44.44% - 44.44%,0,0,No
data,sub-79fb_assay-microstructure_timepoint-a.csv,92,9,0,0,0,0% - 0%,92,1,No
data,sub-79fb_assay-microstructure_timepoint-b.csv,82,9,0,0,0,0% - 0%,82,1,No
data,sub-7a53_assay-microstructure_cond-control.csv,127,18,1016,44.44,44.44,44.44% - 44.44%,0,0,No
data,sub-7a53_assay-microstructure_cond-deprivaiton.csv,224,18,1792,44.44,44.44,44.44% - 44.44%,0,0,No
data,sub-7d9e_assay-microstructure_cond-control.csv,80,18,640,44.44,44.44,44.44% - 44.44%,0,0,No
data,sub-7d9e_assay-microstructure_cond-deprivaiton.csv,56,18,448,44.44,44.44,44.44% - 44.44%,0,0,No
data,sub-7eba_assay-microstructure_cond-control.csv,114,18,912,44.44,44.44,44.44% - 44.44%,0,0,No
data,sub-7eba_assay-microstructure_cond-deprivaiton.csv,170,18,1360,44.44,44.44,44.44% - 44.44%,0,0,No
data,sub-7fab_assay-microstructure_cond-control.csv,114,18,912,44.44,44.44,44.44% - 44.44%,0,0,No
data,sub-7fab_assay-microstructure_cond-deprivaiton.csv,90,18,720,44.44,44.44,44.44% - 44.44%,0,0,No
data,sub-86cd_assay-microstructure_timepoint-a.csv,102,9,0,0,0,0% - 0%,102,1,No
data,sub-86cd_assay-microstructure_timepoint-b.csv,106,9,0,0,0,0% - 0%,106,1,No
data,sub-8a9b_assay-microstructure_cond-control.csv,60,18,480,44.44,44.44,44.44% - 44.44%,0,0,No
data,sub-8a9b_assay-microstructure_cond-deprivaiton.csv,56,18,448,44.44,44.44,44.44% - 44.44%,0,0,No
data,sub-8ac8_assay-microstructure_cond-control.csv,180,18,1440,44.44,44.44,44.44% - 44.44%,0,0,No
data,sub-8ac8_assay-microstructure_cond-deprivaiton.csv,184,18,1472,44.44,44.44,44.44% - 44.44%,0,0,No
data,sub-8b33_assay-microstructure_cond-control.csv,110,18,880,44.44,44.44,44.44% - 44.44%,0,0,No
data,sub-8b33_assay-microstructure_cond-deprivaiton.csv,97,18,776,44.44,44.44,44.44% - 44.44%,0,0,No
data,sub-8b39_assay-microstructure_timepoint-a.csv,62,9,0,0,0,0% - 0%,62,1,No
data,sub-8b39_assay-microstructure_timepoint-b.csv,63,9,0,0,0,0% - 0%,63,1,No
data,sub-8dbe_assay-microstructure_cond-control.csv,88,16,616,43.75,43.75,43.75% - 43.75%,0,0,No
data,sub-8dbe_assay-microstructure_cond-deprivaiton.csv,140,16,980,43.75,43.75,43.75% - 43.75%,0,0,No
data,sub-8e0c_assay-microstructure_cond-control.csv,131,18,1043,44.23,44.23,44.23% - 44.23%,0,0,No
data,sub-8e0c_assay-microstructure_cond-deprivaiton.csv,187,18,1496,44.44,44.44,44.44% - 44.44%,0,0,No
data,sub-93a2_assay-microstructure_cond-control.csv,170,18,1360,44.44,44.44,44.44% - 44.44%,0,0,No
data,sub-93a2_assay-microstructure_cond-deprivaiton.csv,261,18,2088,44.44,44.44,44.44% - 44.44%,0,0,No
data,sub-94a3_assay-microstructure_cond-control.csv,36,14,216,42.86,42.86,42.86% - 42.86%,0,0,No
data,sub-94a3_assay-microstructure_cond-deprivaiton.csv,58,14,348,42.86,42.86,42.86% - 42.86%,0,0,No
data,sub-960c_assay-microstructure_timepoint-a.csv,87,9,0,0,0,0% - 0%,87,1,No
data,sub-960c_assay-microstructure_timepoint-b.csv,139,9,0,0,0,0% - 0%,139,1,No
data,sub-9746_assay-microstructure_timepoint-a.csv,102,9,0,0,0,0% - 0%,102,1,No
data,sub-9746_assay-microstructure_timepoint-b.csv,106,9,0,0,0,0% - 0%,106,1,No
data,sub-9935_assay-microstructure_timepoint-a.csv,121,9,0,0,0,0% - 0%,121,1,No
data,sub-9935_assay-microstructure_timepoint-b.csv,70,9,0,0,0,0% - 0%,70,1,No
data,sub-9996_assay-microstructure_timepoint-a.csv,121,9,0,0,0,0% - 0%,121,1,No
data,sub-9996_assay-microstructure_timepoint-b.csv,70,9,0,0,0,0% - 0%,70,1,No
data,sub-9bcd_assay-microstructure_cond-control.csv,103,18,824,44.44,44.44,44.44% - 44.44%,0,0,No
data,sub-9bcd_assay-microstructure_cond-deprivaiton.csv,103,18,824,44.44,44.44,44.44% - 44.44%,0,0,No
data,sub-9d62_assay-microstructure_timepoint-a.csv,116,9,0,0,0,0% - 0%,116,1,No
data,sub-9d62_assay-microstructure_timepoint-b.csv,91,9,0,0,0,0% - 0%,91,1,No
data,sub-9d89_assay-microstructure_cond-control.csv,114,18,912,44.44,44.44,44.44% - 44.44%,0,0,No
data,sub-9d89_assay-microstructure_cond-deprivaiton.csv,170,18,1360,44.44,44.44,44.44% - 44.44%,0,0,No
data,sub-9ec8_assay-microstructure_timepoint-a.csv,492,9,0,0,0,0% - 0%,492,1,No
data,sub-9ec8_assay-microstructure_timepoint-b.csv,275,9,0,0,0,0% - 0%,275,1,No
data,sub-a72e_assay-microstructure_timepoint-a.csv,116,9,0,0,0,0% - 0%,116,1,No
data,sub-a72e_assay-microstructure_timepoint-b.csv,91,9,0,0,0,0% - 0%,91,1,No
data,sub-aaca_assay-microstructure_timepoint-a.csv,116,9,0,0,0,0% - 0%,116,1,No
data,sub-aaca_assay-microstructure_timepoint-b.csv,91,9,0,0,0,0% - 0%,91,1,No
data,sub-ab1d_assay-microstructure_cond-control.csv,59,18,472,44.44,44.44,44.44% - 44.44%,0,0,No
data,sub-ab1d_assay-microstructure_cond-deprivaiton.csv,77,18,616,44.44,44.44,44.44% - 44.44%,0,0,No
data,sub-ac90_assay-microstructure_cond-control.csv,28,18,224,44.44,44.44,44.44% - 44.44%,0,0,No
data,sub-ac90_assay-microstructure_cond-deprivaiton.csv,21,18,168,44.44,44.44,44.44% - 44.44%,0,0,No
data,sub-b134_assay-microstructure_timepoint-a.csv,161,9,0,0,0,0% - 0%,161,1,No
data,sub-b134_assay-microstructure_timepoint-b.csv,150,9,0,0,0,0% - 0%,150,1,No
data,sub-b22f_assay-microstructure_cond-control.csv,144,14,928,46.03,46.03,46.03% - 46.03%,0,0,No
data,sub-b22f_assay-microstructure_cond-deprivaiton.csv,95,14,623,46.84,46.84,46.84% - 46.84%,0,0,No
data,sub-b451_assay-microstructure_timepoint-a.csv,1,9,0,0,0,0% - 0%,1,1,No
data,sub-b451_assay-microstructure_timepoint-b.csv,137,9,0,0,0,0% - 0%,137,1,No
data,sub-b615_assay-microstructure_cond-control.csv,103,18,824,44.44,44.44,44.44% - 44.44%,0,0,No
data,sub-b615_assay-microstructure_cond-deprivaiton.csv,103,18,824,44.44,44.44,44.44% - 44.44%,0,0,No
data,sub-b6d5_assay-microstructure_cond-control.csv,170,18,1360,44.44,44.44,44.44% - 44.44%,0,0,No
data,sub-b6d5_assay-microstructure_cond-deprivaiton.csv,261,18,2088,44.44,44.44,44.44% - 44.44%,0,0,No
data,sub-b7da_assay-microstructure_cond-control.csv,68,18,544,44.44,44.44,44.44% - 44.44%,0,0,No
data,sub-b7da_assay-microstructure_cond-deprivaiton.csv,166,18,1322,44.24,44.24,44.24% - 44.24%,0,0,No
data,sub-bb2b_assay-microstructure_cond-control.csv,301,18,2336,43.12,43.12,43.12% - 43.12%,0,0,No
data,sub-bb2b_assay-microstructure_cond-deprivaiton.csv,242,17,1684,40.93,40.93,40.93% - 40.93%,2,0,No
data,sub-bb72_assay-microstructure_cond-control.csv,200,18,1600,44.44,44.44,44.44% - 44.44%,0,0,No
data,sub-bb72_assay-microstructure_cond-deprivaiton.csv,285,18,2235,43.57,43.57,43.57% - 43.57%,0,0,No
data,sub-bc10_assay-microstructure_cond-control.csv,114,18,912,44.44,44.44,44.44% - 44.44%,0,0,No
data,sub-bc10_assay-microstructure_cond-deprivaiton.csv,90,18,720,44.44,44.44,44.44% - 44.44%,0,0,No
data,sub-be51_assay-microstructure_cond-control.csv,80,18,640,44.44,44.44,44.44% - 44.44%,0,0,No
data,sub-be51_assay-microstructure_cond-deprivaiton.csv,56,18,448,44.44,44.44,44.44% - 44.44%,0,0,No
data,sub-bfb5_assay-microstructure_cond-control.csv,176,18,1408,44.44,44.44,44.44% - 44.44%,0,0,No
data,sub-bfb5_assay-microstructure_cond-deprivaiton.csv,144,18,1152,44.44,44.44,44.44% - 44.44%,0,0,No
data,sub-c4a4_assay-microstructure_cond-control.csv,172,18,1376,44.44,44.44,44.44% - 44.44%,0,0,No
data,sub-c4a4_assay-microstructure_cond-deprivaiton.csv,223,18,1784,44.44,44.44,44.44% - 44.44%,0,0,No
data,sub-c4dc_assay-microstructure_timepoint-a.csv,492,9,0,0,0,0% - 0%,492,1,No
data,sub-c4dc_assay-microstructure_timepoint-b.csv,275,9,0,0,0,0% - 0%,275,1,No
data,sub-c524_assay-microstructure_timepoint-a.csv,113,9,0,0,0,0% - 0%,113,1,No
data,sub-c524_assay-microstructure_timepoint-b.csv,66,9,0,0,0,0% - 0%,66,1,No
data,sub-c52c_assay-microstructure_timepoint-a.csv,87,9,0,0,0,0% - 0%,87,1,No
data,sub-c52c_assay-microstructure_timepoint-b.csv,139,9,0,0,0,0% - 0%,139,1,No
data,sub-c5c4_assay-microstructure_timepoint-a.csv,120,9,0,0,0,0% - 0%,120,1,No
data,sub-c5c4_assay-microstructure_timepoint-b.csv,93,9,0,0,0,0% - 0%,93,1,No
data,sub-c901_assay-microstructure_cond-control.csv,176,18,1408,44.44,44.44,44.44% - 44.44%,0,0,No
data,sub-c901_assay-microstructure_cond-deprivaiton.csv,144,18,1152,44.44,44.44,44.44% - 44.44%,0,0,No
data,sub-cb3f_assay-microstructure_cond-control.csv,148,18,1184,44.44,44.44,44.44% - 44.44%,0,0,No
data,sub-cb3f_assay-microstructure_cond-deprivaiton.csv,123,18,984,44.44,44.44,44.44% - 44.44%,0,0,No
data,sub-cba4_assay-microstructure_cond-control.csv,192,18,1536,44.44,44.44,44.44% - 44.44%,0,0,No
data,sub-cba4_assay-microstructure_cond-deprivaiton.csv,188,18,1504,44.44,44.44,44.44% - 44.44%,0,0,No
data,sub-cfd3_assay-microstructure_timepoint-a.csv,102,9,0,0,0,0% - 0%,102,1,No
data,sub-cfd3_assay-microstructure_timepoint-b.csv,106,9,0,0,0,0% - 0%,106,1,No
data,sub-d1b5_assay-microstructure_cond-control.csv,192,18,1536,44.44,44.44,44.44% - 44.44%,0,0,No
data,sub-d1b5_assay-microstructure_cond-deprivaiton.csv,188,18,1504,44.44,44.44,44.44% - 44.44%,0,0,No
data,sub-d2aa_assay-microstructure_timepoint-a.csv,121,9,0,0,0,0% - 0%,121,1,No
data,sub-d2aa_assay-microstructure_timepoint-b.csv,70,9,0,0,0,0% - 0%,70,1,No
data,sub-d33f_assay-microstructure_cond-control.csv,89,18,712,44.44,44.44,44.44% - 44.44%,0,0,No
data,sub-d33f_assay-microstructure_cond-deprivaiton.csv,40,18,320,44.44,44.44,44.44% - 44.44%,0,0,No
data,sub-d379_assay-microstructure_cond-control.csv,55,18,440,44.44,44.44,44.44% - 44.44%,0,0,No
data,sub-d379_assay-microstructure_cond-deprivaiton.csv,115,18,920,44.44,44.44,44.44% - 44.44%,0,0,No
data,sub-d426_assay-microstructure_cond-control.csv,113,14,678,42.86,42.86,42.86% - 42.86%,0,0,No
data,sub-d426_assay-microstructure_cond-deprivaiton.csv,185,16,1295,43.75,43.75,43.75% - 43.75%,0,0,No
data,sub-d706_assay-microstructure_cond-control.csv,137,18,1096,44.44,44.44,44.44% - 44.44%,0,0,No
data,sub-d706_assay-microstructure_cond-deprivaiton.csv,157,18,1256,44.44,44.44,44.44% - 44.44%,0,0,No
data,sub-da6e_assay-microstructure_timepoint-a.csv,230,9,0,0,0,0% - 0%,230,1,No
data,sub-da6e_assay-microstructure_timepoint-b.csv,209,9,0,0,0,0% - 0%,209,1,No
data,sub-dc6d_assay-microstructure_cond-control.csv,28,18,224,44.44,44.44,44.44% - 44.44%,0,0,No
data,sub-dc6d_assay-microstructure_cond-deprivaiton.csv,21,18,168,44.44,44.44,44.44% - 44.44%,0,0,No
data,sub-de79_assay-microstructure_cond-control.csv,131,18,1043,44.23,44.23,44.23% - 44.23%,0,0,No
data,sub-de79_assay-microstructure_cond-deprivaiton.csv,187,18,1496,44.44,44.44,44.44% - 44.44%,0,0,No
data,sub-df5d_assay-microstructure_cond-control.csv,55,18,440,44.44,44.44,44.44% - 44.44%,0,0,No
data,sub-df5d_assay-microstructure_cond-deprivaiton.csv,115,18,920,44.44,44.44,44.44% - 44.44%,0,0,No
data,sub-e3c3_assay-microstructure_cond-control.csv,180,18,1440,44.44,44.44,44.44% - 44.44%,0,0,No
data,sub-e3c3_assay-microstructure_cond-deprivaiton.csv,184,18,1472,44.44,44.44,44.44% - 44.44%,0,0,No
data,sub-e6b2_assay-microstructure_timepoint-a.csv,133,9,0,0,0,0% - 0%,133,1,No
data,sub-e6b2_assay-microstructure_timepoint-b.csv,152,9,0,0,0,0% - 0%,152,1,No
data,sub-e7ac_assay-microstructure_cond-control.csv,91,18,728,44.44,44.44,44.44% - 44.44%,0,0,No
data,sub-e7ac_assay-microstructure_cond-deprivaiton.csv,90,18,720,44.44,44.44,44.44% - 44.44%,0,0,No
data,sub-e7dc_assay-microstructure_timepoint-a.csv,121,9,0,0,0,0% - 0%,121,1,No
data,sub-e7dc_assay-microstructure_timepoint-b.csv,123,9,0,0,0,0% - 0%,123,1,No
data,sub-e874_assay-microstructure_cond-control.csv,97,18,776,44.44,44.44,44.44% - 44.44%,0,0,No
data,sub-e874_assay-microstructure_cond-deprivaiton.csv,117,18,936,44.44,44.44,44.44% - 44.44%,0,0,No
data,sub-eac6_assay-microstructure_timepoint-a.csv,230,9,0,0,0,0% - 0%,230,1,No
data,sub-eac6_assay-microstructure_timepoint-b.csv,209,9,0,0,0,0% - 0%,209,1,No
data,sub-ef17_assay-microstructure_cond-control.csv,112,18,896,44.44,44.44,44.44% - 44.44%,0,0,No
data,sub-ef17_assay-microstructure_cond-deprivaiton.csv,126,18,1016,44.8,44.8,44.8% - 44.8%,0,0,No
data,sub-f1e2_assay-microstructure_timepoint-a.csv,120,9,0,0,0,0% - 0%,120,1,No
data,sub-f1e2_assay-microstructure_timepoint-b.csv,93,9,0,0,0,0% - 0%,93,1,No
data,sub-f47d_assay-microstructure_cond-control.csv,60,18,480,44.44,44.44,44.44% - 44.44%,0,0,No
data,sub-f47d_assay-microstructure_cond-deprivaiton.csv,56,18,448,44.44,44.44,44.44% - 44.44%,0,0,No
data,sub-f5ab_assay-microstructure_cond-control.csv,36,14,216,42.86,42.86,42.86% - 42.86%,0,0,No
data,sub-f5ab_assay-microstructure_cond-deprivaiton.csv,58,14,348,42.86,42.86,42.86% - 42.86%,0,0,No
