file_path,file_name,study_folder,file_type
"C:/Users/kmill/The Pennsylvania State University/Rolls, Barbara Jean - currated_data/1988_whole_vs_parts/data/assay-intake_data.csv",assay-intake_data.csv,1988_whole_vs_parts,intake
"C:/Users/kmill/The Pennsylvania State University/Rolls, Barbara Jean - currated_data/1990_eatdis_salad_preload/data/assay-hunger_data.csv",assay-hunger_data.csv,1990_eatdis_salad_preload,ratings
"C:/Users/kmill/The Pennsylvania State University/Rolls, Barbara Jean - currated_data/1990_eatdis_salad_preload/data/assay-intake_cond-highcal_data.csv",assay-intake_cond-highcal_data.csv,1990_eatdis_salad_preload,intake
"C:/Users/kmill/The Pennsylvania State University/Rolls, Barbara Jean - currated_data/1990_eatdis_salad_preload/data/assay-sss_calc-diff_data.csv",assay-sss_calc-diff_data.csv,1990_eatdis_salad_preload,sss
"C:/Users/kmill/The Pennsylvania State University/Rolls, Barbara Jean - currated_data/1990_sociofeed_dannys_dinner/data/assay-intake_data.csv",assay-intake_data.csv,1990_sociofeed_dannys_dinner,intake
"C:/Users/kmill/The Pennsylvania State University/Rolls, Barbara Jean - currated_data/1990_sss_age_yogurt/data/assay-demo_data.csv",assay-demo_data.csv,1990_sss_age_yogurt,demographics
"C:/Users/kmill/The Pennsylvania State University/Rolls, Barbara Jean - currated_data/1990_sss_age_yogurt/data/assay-foodpref_data.csv",assay-foodpref_data.csv,1990_sss_age_yogurt,food_preference
"C:/Users/kmill/The Pennsylvania State University/Rolls, Barbara Jean - currated_data/1990_sss_age_yogurt/data/assay-sss_data.csv",assay-sss_data.csv,1990_sss_age_yogurt,sss
"C:/Users/kmill/The Pennsylvania State University/Rolls, Barbara Jean - currated_data/1990_sss_age_yogurt/data/assay-upsit_data.csv",assay-upsit_data.csv,1990_sss_age_yogurt,smell
"C:/Users/kmill/The Pennsylvania State University/Rolls, Barbara Jean - currated_data/1991_eatdis/data/assay-demo_data.csv",assay-demo_data.csv,1991_eatdis,demographics
"C:/Users/kmill/The Pennsylvania State University/Rolls, Barbara Jean - currated_data/1991_eatdis/data/assay-questionnaire_data.csv",assay-questionnaire_data.csv,1991_eatdis,questionnaire
"C:/Users/kmill/The Pennsylvania State University/Rolls, Barbara Jean - currated_data/1991_eatdis/data/study-cafeteria_assay-intake_data.csv",study-cafeteria_assay-intake_data.csv,1991_eatdis,intake
"C:/Users/kmill/The Pennsylvania State University/Rolls, Barbara Jean - currated_data/1991_eatdis/data/study-cafeteria_calc-timedif_data.csv",study-cafeteria_calc-timedif_data.csv,1991_eatdis,timing
"C:/Users/kmill/The Pennsylvania State University/Rolls, Barbara Jean - currated_data/1991_eatdis/data/study-foodpref_assay-foodq_data.csv",study-foodpref_assay-foodq_data.csv,1991_eatdis,questionnaire
"C:/Users/kmill/The Pennsylvania State University/Rolls, Barbara Jean - currated_data/1991_eatdis/data/study-foodpref_calc-foodinfo_data.csv",study-foodpref_calc-foodinfo_data.csv,1991_eatdis,food_preference
"C:/Users/kmill/The Pennsylvania State University/Rolls, Barbara Jean - currated_data/1991_eatdis/data/study-foodpref_calc-preference_data.csv",study-foodpref_calc-preference_data.csv,1991_eatdis,food_preference
"C:/Users/kmill/The Pennsylvania State University/Rolls, Barbara Jean - currated_data/1991_eatdis/data/study-smell_data.csv",study-smell_data.csv,1991_eatdis,smell
"C:/Users/kmill/The Pennsylvania State University/Rolls, Barbara Jean - currated_data/1991_eatdis_hourly/data/assay-vas_data.csv",assay-vas_data.csv,1991_eatdis_hourly,ratings
"C:/Users/kmill/The Pennsylvania State University/Rolls, Barbara Jean - currated_data/1991_eatdis_yogurt/data/assay-intake_data.csv",assay-intake_data.csv,1991_eatdis_yogurt,intake
"C:/Users/kmill/The Pennsylvania State University/Rolls, Barbara Jean - currated_data/1991_eatdis_yogurt/data/assay-vas_dat.csv",assay-vas_dat.csv,1991_eatdis_yogurt,ratings
"C:/Users/kmill/The Pennsylvania State University/Rolls, Barbara Jean - currated_data/1991_ivig_preload/data/assay-demo_data.csv",assay-demo_data.csv,1991_ivig_preload,demographics
"C:/Users/kmill/The Pennsylvania State University/Rolls, Barbara Jean - currated_data/1991_ivig_preload/data/exp-ivig_assay-cck_data.csv",exp-ivig_assay-cck_data.csv,1991_ivig_preload,cck
"C:/Users/kmill/The Pennsylvania State University/Rolls, Barbara Jean - currated_data/1991_ivig_preload/data/exp-ivig_assay-dinner_data.csv",exp-ivig_assay-dinner_data.csv,1991_ivig_preload,intake
"C:/Users/kmill/The Pennsylvania State University/Rolls, Barbara Jean - currated_data/1991_ivig_preload/data/exp-ivig_assay-lunch_data.csv",exp-ivig_assay-lunch_data.csv,1991_ivig_preload,intake
"C:/Users/kmill/The Pennsylvania State University/Rolls, Barbara Jean - currated_data/1991_ivig_preload/data/exp-ivig_assay-rating_data.csv",exp-ivig_assay-rating_data.csv,1991_ivig_preload,ratings
"C:/Users/kmill/The Pennsylvania State University/Rolls, Barbara Jean - currated_data/1991_ivig_preload/data/exp-yogurtsss_assay-intake_data.csv",exp-yogurtsss_assay-intake_data.csv,1991_ivig_preload,intake
"C:/Users/kmill/The Pennsylvania State University/Rolls, Barbara Jean - currated_data/1991_ivig_preload/data/exp-yogurtsss_assay-rating_data.csv",exp-yogurtsss_assay-rating_data.csv,1991_ivig_preload,ratings
"C:/Users/kmill/The Pennsylvania State University/Rolls, Barbara Jean - currated_data/1992_eatdis_deprivation/data/assay-demo_data.csv",assay-demo_data.csv,1992_eatdis_deprivation,demographics
"C:/Users/kmill/The Pennsylvania State University/Rolls, Barbara Jean - currated_data/1992_eatdis_deprivation/data/assay-intake_data.csv",assay-intake_data.csv,1992_eatdis_deprivation,intake
"C:/Users/kmill/The Pennsylvania State University/Rolls, Barbara Jean - currated_data/1992_eatdis_deprivation/data/raw/sub-0343_assay-microstructure_cond-control.csv",sub-0343_assay-microstructure_cond-control.csv,data,microstructure
"C:/Users/kmill/The Pennsylvania State University/Rolls, Barbara Jean - currated_data/1992_eatdis_deprivation/data/raw/sub-0343_assay-microstructure_cond-deprivaiton.csv",sub-0343_assay-microstructure_cond-deprivaiton.csv,data,microstructure
"C:/Users/kmill/The Pennsylvania State University/Rolls, Barbara Jean - currated_data/1992_eatdis_deprivation/data/raw/sub-04db_assay-microstructure_cond-control.csv",sub-04db_assay-microstructure_cond-control.csv,data,microstructure
"C:/Users/kmill/The Pennsylvania State University/Rolls, Barbara Jean - currated_data/1992_eatdis_deprivation/data/raw/sub-04db_assay-microstructure_cond-deprivaiton.csv",sub-04db_assay-microstructure_cond-deprivaiton.csv,data,microstructure
"C:/Users/kmill/The Pennsylvania State University/Rolls, Barbara Jean - currated_data/1992_eatdis_deprivation/data/raw/sub-0a40_assay-microstructure_cond-control.csv",sub-0a40_assay-microstructure_cond-control.csv,data,microstructure
"C:/Users/kmill/The Pennsylvania State University/Rolls, Barbara Jean - currated_data/1992_eatdis_deprivation/data/raw/sub-0a40_assay-microstructure_cond-deprivaiton.csv",sub-0a40_assay-microstructure_cond-deprivaiton.csv,data,microstructure
"C:/Users/kmill/The Pennsylvania State University/Rolls, Barbara Jean - currated_data/1992_eatdis_deprivation/data/raw/sub-0a94_assay-microstructure_cond-control.csv",sub-0a94_assay-microstructure_cond-control.csv,data,microstructure
"C:/Users/kmill/The Pennsylvania State University/Rolls, Barbara Jean - currated_data/1992_eatdis_deprivation/data/raw/sub-0a94_assay-microstructure_cond-deprivaiton.csv",sub-0a94_assay-microstructure_cond-deprivaiton.csv,data,microstructure
"C:/Users/kmill/The Pennsylvania State University/Rolls, Barbara Jean - currated_data/1992_eatdis_deprivation/data/raw/sub-10bb_assay-microstructure_cond-control.csv",sub-10bb_assay-microstructure_cond-control.csv,data,microstructure
"C:/Users/kmill/The Pennsylvania State University/Rolls, Barbara Jean - currated_data/1992_eatdis_deprivation/data/raw/sub-10bb_assay-microstructure_cond-deprivaiton.csv",sub-10bb_assay-microstructure_cond-deprivaiton.csv,data,microstructure
"C:/Users/kmill/The Pennsylvania State University/Rolls, Barbara Jean - currated_data/1992_eatdis_deprivation/data/raw/sub-13c8_assay-microstructure_cond-control.csv",sub-13c8_assay-microstructure_cond-control.csv,data,microstructure
"C:/Users/kmill/The Pennsylvania State University/Rolls, Barbara Jean - currated_data/1992_eatdis_deprivation/data/raw/sub-13c8_assay-microstructure_cond-deprivaiton.csv",sub-13c8_assay-microstructure_cond-deprivaiton.csv,data,microstructure
"C:/Users/kmill/The Pennsylvania State University/Rolls, Barbara Jean - currated_data/1992_eatdis_deprivation/data/raw/sub-159b_assay-microstructure_cond-control.csv",sub-159b_assay-microstructure_cond-control.csv,data,microstructure
"C:/Users/kmill/The Pennsylvania State University/Rolls, Barbara Jean - currated_data/1992_eatdis_deprivation/data/raw/sub-159b_assay-microstructure_cond-deprivaiton.csv",sub-159b_assay-microstructure_cond-deprivaiton.csv,data,microstructure
"C:/Users/kmill/The Pennsylvania State University/Rolls, Barbara Jean - currated_data/1992_eatdis_deprivation/data/raw/sub-1cac_assay-microstructure_cond-control.csv",sub-1cac_assay-microstructure_cond-control.csv,data,microstructure
"C:/Users/kmill/The Pennsylvania State University/Rolls, Barbara Jean - currated_data/1992_eatdis_deprivation/data/raw/sub-1cac_assay-microstructure_cond-deprivaiton.csv",sub-1cac_assay-microstructure_cond-deprivaiton.csv,data,microstructure
"C:/Users/kmill/The Pennsylvania State University/Rolls, Barbara Jean - currated_data/1992_eatdis_deprivation/data/raw/sub-1f20_assay-microstructure_cond-control.csv",sub-1f20_assay-microstructure_cond-control.csv,data,microstructure
"C:/Users/kmill/The Pennsylvania State University/Rolls, Barbara Jean - currated_data/1992_eatdis_deprivation/data/raw/sub-1f20_assay-microstructure_cond-deprivaiton.csv",sub-1f20_assay-microstructure_cond-deprivaiton.csv,data,microstructure
"C:/Users/kmill/The Pennsylvania State University/Rolls, Barbara Jean - currated_data/1992_eatdis_deprivation/data/raw/sub-20e1_assay-microstructure_cond-control.csv",sub-20e1_assay-microstructure_cond-control.csv,data,microstructure
"C:/Users/kmill/The Pennsylvania State University/Rolls, Barbara Jean - currated_data/1992_eatdis_deprivation/data/raw/sub-20e1_assay-microstructure_cond-deprivaiton.csv",sub-20e1_assay-microstructure_cond-deprivaiton.csv,data,microstructure
"C:/Users/kmill/The Pennsylvania State University/Rolls, Barbara Jean - currated_data/1992_eatdis_deprivation/data/raw/sub-291b_assay-microstructure_cond-control.csv",sub-291b_assay-microstructure_cond-control.csv,data,microstructure
"C:/Users/kmill/The Pennsylvania State University/Rolls, Barbara Jean - currated_data/1992_eatdis_deprivation/data/raw/sub-291b_assay-microstructure_cond-deprivaiton.csv",sub-291b_assay-microstructure_cond-deprivaiton.csv,data,microstructure
"C:/Users/kmill/The Pennsylvania State University/Rolls, Barbara Jean - currated_data/1992_eatdis_deprivation/data/raw/sub-2ed4_assay-microstructure_cond-control.csv",sub-2ed4_assay-microstructure_cond-control.csv,data,microstructure
"C:/Users/kmill/The Pennsylvania State University/Rolls, Barbara Jean - currated_data/1992_eatdis_deprivation/data/raw/sub-2ed4_assay-microstructure_cond-deprivaiton.csv",sub-2ed4_assay-microstructure_cond-deprivaiton.csv,data,microstructure
"C:/Users/kmill/The Pennsylvania State University/Rolls, Barbara Jean - currated_data/1992_eatdis_deprivation/data/raw/sub-408d_assay-microstructure_cond-control.csv",sub-408d_assay-microstructure_cond-control.csv,data,microstructure
"C:/Users/kmill/The Pennsylvania State University/Rolls, Barbara Jean - currated_data/1992_eatdis_deprivation/data/raw/sub-408d_assay-microstructure_cond-deprivaiton.csv",sub-408d_assay-microstructure_cond-deprivaiton.csv,data,microstructure
"C:/Users/kmill/The Pennsylvania State University/Rolls, Barbara Jean - currated_data/1992_eatdis_deprivation/data/raw/sub-42c5_assay-microstructure_cond-control.csv",sub-42c5_assay-microstructure_cond-control.csv,data,microstructure
"C:/Users/kmill/The Pennsylvania State University/Rolls, Barbara Jean - currated_data/1992_eatdis_deprivation/data/raw/sub-42c5_assay-microstructure_cond-deprivaiton.csv",sub-42c5_assay-microstructure_cond-deprivaiton.csv,data,microstructure
"C:/Users/kmill/The Pennsylvania State University/Rolls, Barbara Jean - currated_data/1992_eatdis_deprivation/data/raw/sub-44e6_assay-microstructure_cond-control.csv",sub-44e6_assay-microstructure_cond-control.csv,data,microstructure
"C:/Users/kmill/The Pennsylvania State University/Rolls, Barbara Jean - currated_data/1992_eatdis_deprivation/data/raw/sub-44e6_assay-microstructure_cond-deprivaiton.csv",sub-44e6_assay-microstructure_cond-deprivaiton.csv,data,microstructure
"C:/Users/kmill/The Pennsylvania State University/Rolls, Barbara Jean - currated_data/1992_eatdis_deprivation/data/raw/sub-44fa_assay-microstructure_cond-control.csv",sub-44fa_assay-microstructure_cond-control.csv,data,microstructure
"C:/Users/kmill/The Pennsylvania State University/Rolls, Barbara Jean - currated_data/1992_eatdis_deprivation/data/raw/sub-44fa_assay-microstructure_cond-deprivaiton.csv",sub-44fa_assay-microstructure_cond-deprivaiton.csv,data,microstructure
"C:/Users/kmill/The Pennsylvania State University/Rolls, Barbara Jean - currated_data/1992_eatdis_deprivation/data/raw/sub-46db_assay-microstructure_cond-control.csv",sub-46db_assay-microstructure_cond-control.csv,data,microstructure
"C:/Users/kmill/The Pennsylvania State University/Rolls, Barbara Jean - currated_data/1992_eatdis_deprivation/data/raw/sub-46db_assay-microstructure_cond-deprivaiton.csv",sub-46db_assay-microstructure_cond-deprivaiton.csv,data,microstructure
"C:/Users/kmill/The Pennsylvania State University/Rolls, Barbara Jean - currated_data/1992_eatdis_deprivation/data/raw/sub-4750_assay-microstructure_cond-control.csv",sub-4750_assay-microstructure_cond-control.csv,data,microstructure
"C:/Users/kmill/The Pennsylvania State University/Rolls, Barbara Jean - currated_data/1992_eatdis_deprivation/data/raw/sub-4750_assay-microstructure_cond-deprivaiton.csv",sub-4750_assay-microstructure_cond-deprivaiton.csv,data,microstructure
"C:/Users/kmill/The Pennsylvania State University/Rolls, Barbara Jean - currated_data/1992_eatdis_deprivation/data/raw/sub-4769_assay-microstructure_cond-control.csv",sub-4769_assay-microstructure_cond-control.csv,data,microstructure
"C:/Users/kmill/The Pennsylvania State University/Rolls, Barbara Jean - currated_data/1992_eatdis_deprivation/data/raw/sub-4769_assay-microstructure_cond-deprivaiton.csv",sub-4769_assay-microstructure_cond-deprivaiton.csv,data,microstructure
"C:/Users/kmill/The Pennsylvania State University/Rolls, Barbara Jean - currated_data/1992_eatdis_deprivation/data/raw/sub-4ca4_assay-microstructure_cond-control.csv",sub-4ca4_assay-microstructure_cond-control.csv,data,microstructure
"C:/Users/kmill/The Pennsylvania State University/Rolls, Barbara Jean - currated_data/1992_eatdis_deprivation/data/raw/sub-4ca4_assay-microstructure_cond-deprivaiton.csv",sub-4ca4_assay-microstructure_cond-deprivaiton.csv,data,microstructure
"C:/Users/kmill/The Pennsylvania State University/Rolls, Barbara Jean - currated_data/1992_eatdis_deprivation/data/raw/sub-5181_assay-microstructure_cond-control.csv",sub-5181_assay-microstructure_cond-control.csv,data,microstructure
"C:/Users/kmill/The Pennsylvania State University/Rolls, Barbara Jean - currated_data/1992_eatdis_deprivation/data/raw/sub-5181_assay-microstructure_cond-deprivaiton.csv",sub-5181_assay-microstructure_cond-deprivaiton.csv,data,microstructure
"C:/Users/kmill/The Pennsylvania State University/Rolls, Barbara Jean - currated_data/1992_eatdis_deprivation/data/raw/sub-5253_assay-microstructure_cond-control.csv",sub-5253_assay-microstructure_cond-control.csv,data,microstructure
"C:/Users/kmill/The Pennsylvania State University/Rolls, Barbara Jean - currated_data/1992_eatdis_deprivation/data/raw/sub-5253_assay-microstructure_cond-deprivaiton.csv",sub-5253_assay-microstructure_cond-deprivaiton.csv,data,microstructure
"C:/Users/kmill/The Pennsylvania State University/Rolls, Barbara Jean - currated_data/1992_eatdis_deprivation/data/raw/sub-5326_assay-microstructure_cond-control.csv",sub-5326_assay-microstructure_cond-control.csv,data,microstructure
"C:/Users/kmill/The Pennsylvania State University/Rolls, Barbara Jean - currated_data/1992_eatdis_deprivation/data/raw/sub-5326_assay-microstructure_cond-deprivaiton.csv",sub-5326_assay-microstructure_cond-deprivaiton.csv,data,microstructure
"C:/Users/kmill/The Pennsylvania State University/Rolls, Barbara Jean - currated_data/1992_eatdis_deprivation/data/raw/sub-54b1_assay-microstructure_cond-control.csv",sub-54b1_assay-microstructure_cond-control.csv,data,microstructure
"C:/Users/kmill/The Pennsylvania State University/Rolls, Barbara Jean - currated_data/1992_eatdis_deprivation/data/raw/sub-54b1_assay-microstructure_cond-deprivaiton.csv",sub-54b1_assay-microstructure_cond-deprivaiton.csv,data,microstructure
"C:/Users/kmill/The Pennsylvania State University/Rolls, Barbara Jean - currated_data/1992_eatdis_deprivation/data/raw/sub-5e48_assay-microstructure_cond-control.csv",sub-5e48_assay-microstructure_cond-control.csv,data,microstructure
"C:/Users/kmill/The Pennsylvania State University/Rolls, Barbara Jean - currated_data/1992_eatdis_deprivation/data/raw/sub-5e48_assay-microstructure_cond-deprivaiton.csv",sub-5e48_assay-microstructure_cond-deprivaiton.csv,data,microstructure
"C:/Users/kmill/The Pennsylvania State University/Rolls, Barbara Jean - currated_data/1992_eatdis_deprivation/data/raw/sub-60fa_assay-microstructure_cond-control.csv",sub-60fa_assay-microstructure_cond-control.csv,data,microstructure
"C:/Users/kmill/The Pennsylvania State University/Rolls, Barbara Jean - currated_data/1992_eatdis_deprivation/data/raw/sub-60fa_assay-microstructure_cond-deprivaiton.csv",sub-60fa_assay-microstructure_cond-deprivaiton.csv,data,microstructure
"C:/Users/kmill/The Pennsylvania State University/Rolls, Barbara Jean - currated_data/1992_eatdis_deprivation/data/raw/sub-615a_assay-microstructure_cond-control.csv",sub-615a_assay-microstructure_cond-control.csv,data,microstructure
"C:/Users/kmill/The Pennsylvania State University/Rolls, Barbara Jean - currated_data/1992_eatdis_deprivation/data/raw/sub-615a_assay-microstructure_cond-deprivaiton.csv",sub-615a_assay-microstructure_cond-deprivaiton.csv,data,microstructure
"C:/Users/kmill/The Pennsylvania State University/Rolls, Barbara Jean - currated_data/1992_eatdis_deprivation/data/raw/sub-618a_assay-microstructure_cond-control.csv",sub-618a_assay-microstructure_cond-control.csv,data,microstructure
"C:/Users/kmill/The Pennsylvania State University/Rolls, Barbara Jean - currated_data/1992_eatdis_deprivation/data/raw/sub-618a_assay-microstructure_cond-deprivaiton.csv",sub-618a_assay-microstructure_cond-deprivaiton.csv,data,microstructure
"C:/Users/kmill/The Pennsylvania State University/Rolls, Barbara Jean - currated_data/1992_eatdis_deprivation/data/raw/sub-61bd_assay-microstructure_cond-control.csv",sub-61bd_assay-microstructure_cond-control.csv,data,microstructure
"C:/Users/kmill/The Pennsylvania State University/Rolls, Barbara Jean - currated_data/1992_eatdis_deprivation/data/raw/sub-61bd_assay-microstructure_cond-deprivaiton.csv",sub-61bd_assay-microstructure_cond-deprivaiton.csv,data,microstructure
"C:/Users/kmill/The Pennsylvania State University/Rolls, Barbara Jean - currated_data/1992_eatdis_deprivation/data/raw/sub-6517_assay-microstructure_cond-control.csv",sub-6517_assay-microstructure_cond-control.csv,data,microstructure
"C:/Users/kmill/The Pennsylvania State University/Rolls, Barbara Jean - currated_data/1992_eatdis_deprivation/data/raw/sub-6517_assay-microstructure_cond-deprivaiton.csv",sub-6517_assay-microstructure_cond-deprivaiton.csv,data,microstructure
"C:/Users/kmill/The Pennsylvania State University/Rolls, Barbara Jean - currated_data/1992_eatdis_deprivation/data/raw/sub-6881_assay-microstructure_cond-control.csv",sub-6881_assay-microstructure_cond-control.csv,data,microstructure
"C:/Users/kmill/The Pennsylvania State University/Rolls, Barbara Jean - currated_data/1992_eatdis_deprivation/data/raw/sub-6881_assay-microstructure_cond-deprivaiton.csv",sub-6881_assay-microstructure_cond-deprivaiton.csv,data,microstructure
"C:/Users/kmill/The Pennsylvania State University/Rolls, Barbara Jean - currated_data/1992_eatdis_deprivation/data/raw/sub-6da2_assay-microstructure_cond-control.csv",sub-6da2_assay-microstructure_cond-control.csv,data,microstructure
"C:/Users/kmill/The Pennsylvania State University/Rolls, Barbara Jean - currated_data/1992_eatdis_deprivation/data/raw/sub-6da2_assay-microstructure_cond-deprivaiton.csv",sub-6da2_assay-microstructure_cond-deprivaiton.csv,data,microstructure
"C:/Users/kmill/The Pennsylvania State University/Rolls, Barbara Jean - currated_data/1992_eatdis_deprivation/data/raw/sub-6fad_assay-microstructure_cond-control.csv",sub-6fad_assay-microstructure_cond-control.csv,data,microstructure
"C:/Users/kmill/The Pennsylvania State University/Rolls, Barbara Jean - currated_data/1992_eatdis_deprivation/data/raw/sub-6fad_assay-microstructure_cond-deprivaiton.csv",sub-6fad_assay-microstructure_cond-deprivaiton.csv,data,microstructure
"C:/Users/kmill/The Pennsylvania State University/Rolls, Barbara Jean - currated_data/1992_eatdis_deprivation/data/raw/sub-779d_assay-microstructure_cond-control.csv",sub-779d_assay-microstructure_cond-control.csv,data,microstructure
"C:/Users/kmill/The Pennsylvania State University/Rolls, Barbara Jean - currated_data/1992_eatdis_deprivation/data/raw/sub-779d_assay-microstructure_cond-deprivaiton.csv",sub-779d_assay-microstructure_cond-deprivaiton.csv,data,microstructure
"C:/Users/kmill/The Pennsylvania State University/Rolls, Barbara Jean - currated_data/1992_eatdis_deprivation/data/raw/sub-7a53_assay-microstructure_cond-control.csv",sub-7a53_assay-microstructure_cond-control.csv,data,microstructure
"C:/Users/kmill/The Pennsylvania State University/Rolls, Barbara Jean - currated_data/1992_eatdis_deprivation/data/raw/sub-7a53_assay-microstructure_cond-deprivaiton.csv",sub-7a53_assay-microstructure_cond-deprivaiton.csv,data,microstructure
"C:/Users/kmill/The Pennsylvania State University/Rolls, Barbara Jean - currated_data/1992_eatdis_deprivation/data/raw/sub-7d9e_assay-microstructure_cond-control.csv",sub-7d9e_assay-microstructure_cond-control.csv,data,microstructure
"C:/Users/kmill/The Pennsylvania State University/Rolls, Barbara Jean - currated_data/1992_eatdis_deprivation/data/raw/sub-7d9e_assay-microstructure_cond-deprivaiton.csv",sub-7d9e_assay-microstructure_cond-deprivaiton.csv,data,microstructure
"C:/Users/kmill/The Pennsylvania State University/Rolls, Barbara Jean - currated_data/1992_eatdis_deprivation/data/raw/sub-7eba_assay-microstructure_cond-control.csv",sub-7eba_assay-microstructure_cond-control.csv,data,microstructure
"C:/Users/kmill/The Pennsylvania State University/Rolls, Barbara Jean - currated_data/1992_eatdis_deprivation/data/raw/sub-7eba_assay-microstructure_cond-deprivaiton.csv",sub-7eba_assay-microstructure_cond-deprivaiton.csv,data,microstructure
"C:/Users/kmill/The Pennsylvania State University/Rolls, Barbara Jean - currated_data/1992_eatdis_deprivation/data/raw/sub-7fab_assay-microstructure_cond-control.csv",sub-7fab_assay-microstructure_cond-control.csv,data,microstructure
"C:/Users/kmill/The Pennsylvania State University/Rolls, Barbara Jean - currated_data/1992_eatdis_deprivation/data/raw/sub-7fab_assay-microstructure_cond-deprivaiton.csv",sub-7fab_assay-microstructure_cond-deprivaiton.csv,data,microstructure
"C:/Users/kmill/The Pennsylvania State University/Rolls, Barbara Jean - currated_data/1992_eatdis_deprivation/data/raw/sub-8a9b_assay-microstructure_cond-control.csv",sub-8a9b_assay-microstructure_cond-control.csv,data,microstructure
"C:/Users/kmill/The Pennsylvania State University/Rolls, Barbara Jean - currated_data/1992_eatdis_deprivation/data/raw/sub-8a9b_assay-microstructure_cond-deprivaiton.csv",sub-8a9b_assay-microstructure_cond-deprivaiton.csv,data,microstructure
"C:/Users/kmill/The Pennsylvania State University/Rolls, Barbara Jean - currated_data/1992_eatdis_deprivation/data/raw/sub-8ac8_assay-microstructure_cond-control.csv",sub-8ac8_assay-microstructure_cond-control.csv,data,microstructure
"C:/Users/kmill/The Pennsylvania State University/Rolls, Barbara Jean - currated_data/1992_eatdis_deprivation/data/raw/sub-8ac8_assay-microstructure_cond-deprivaiton.csv",sub-8ac8_assay-microstructure_cond-deprivaiton.csv,data,microstructure
"C:/Users/kmill/The Pennsylvania State University/Rolls, Barbara Jean - currated_data/1992_eatdis_deprivation/data/raw/sub-8b33_assay-microstructure_cond-control.csv",sub-8b33_assay-microstructure_cond-control.csv,data,microstructure
"C:/Users/kmill/The Pennsylvania State University/Rolls, Barbara Jean - currated_data/1992_eatdis_deprivation/data/raw/sub-8b33_assay-microstructure_cond-deprivaiton.csv",sub-8b33_assay-microstructure_cond-deprivaiton.csv,data,microstructure
"C:/Users/kmill/The Pennsylvania State University/Rolls, Barbara Jean - currated_data/1992_eatdis_deprivation/data/raw/sub-8dbe_assay-microstructure_cond-control.csv",sub-8dbe_assay-microstructure_cond-control.csv,data,microstructure
"C:/Users/kmill/The Pennsylvania State University/Rolls, Barbara Jean - currated_data/1992_eatdis_deprivation/data/raw/sub-8dbe_assay-microstructure_cond-deprivaiton.csv",sub-8dbe_assay-microstructure_cond-deprivaiton.csv,data,microstructure
"C:/Users/kmill/The Pennsylvania State University/Rolls, Barbara Jean - currated_data/1992_eatdis_deprivation/data/raw/sub-8e0c_assay-microstructure_cond-control.csv",sub-8e0c_assay-microstructure_cond-control.csv,data,microstructure
"C:/Users/kmill/The Pennsylvania State University/Rolls, Barbara Jean - currated_data/1992_eatdis_deprivation/data/raw/sub-8e0c_assay-microstructure_cond-deprivaiton.csv",sub-8e0c_assay-microstructure_cond-deprivaiton.csv,data,microstructure
"C:/Users/kmill/The Pennsylvania State University/Rolls, Barbara Jean - currated_data/1992_eatdis_deprivation/data/raw/sub-93a2_assay-microstructure_cond-control.csv",sub-93a2_assay-microstructure_cond-control.csv,data,microstructure
"C:/Users/kmill/The Pennsylvania State University/Rolls, Barbara Jean - currated_data/1992_eatdis_deprivation/data/raw/sub-93a2_assay-microstructure_cond-deprivaiton.csv",sub-93a2_assay-microstructure_cond-deprivaiton.csv,data,microstructure
"C:/Users/kmill/The Pennsylvania State University/Rolls, Barbara Jean - currated_data/1992_eatdis_deprivation/data/raw/sub-94a3_assay-microstructure_cond-control.csv",sub-94a3_assay-microstructure_cond-control.csv,data,microstructure
"C:/Users/kmill/The Pennsylvania State University/Rolls, Barbara Jean - currated_data/1992_eatdis_deprivation/data/raw/sub-94a3_assay-microstructure_cond-deprivaiton.csv",sub-94a3_assay-microstructure_cond-deprivaiton.csv,data,microstructure
"C:/Users/kmill/The Pennsylvania State University/Rolls, Barbara Jean - currated_data/1992_eatdis_deprivation/data/raw/sub-9bcd_assay-microstructure_cond-control.csv",sub-9bcd_assay-microstructure_cond-control.csv,data,microstructure
"C:/Users/kmill/The Pennsylvania State University/Rolls, Barbara Jean - currated_data/1992_eatdis_deprivation/data/raw/sub-9bcd_assay-microstructure_cond-deprivaiton.csv",sub-9bcd_assay-microstructure_cond-deprivaiton.csv,data,microstructure
"C:/Users/kmill/The Pennsylvania State University/Rolls, Barbara Jean - currated_data/1992_eatdis_deprivation/data/raw/sub-9d89_assay-microstructure_cond-control.csv",sub-9d89_assay-microstructure_cond-control.csv,data,microstructure
"C:/Users/kmill/The Pennsylvania State University/Rolls, Barbara Jean - currated_data/1992_eatdis_deprivation/data/raw/sub-9d89_assay-microstructure_cond-deprivaiton.csv",sub-9d89_assay-microstructure_cond-deprivaiton.csv,data,microstructure
"C:/Users/kmill/The Pennsylvania State University/Rolls, Barbara Jean - currated_data/1992_eatdis_deprivation/data/raw/sub-ab1d_assay-microstructure_cond-control.csv",sub-ab1d_assay-microstructure_cond-control.csv,data,microstructure
"C:/Users/kmill/The Pennsylvania State University/Rolls, Barbara Jean - currated_data/1992_eatdis_deprivation/data/raw/sub-ab1d_assay-microstructure_cond-deprivaiton.csv",sub-ab1d_assay-microstructure_cond-deprivaiton.csv,data,microstructure
"C:/Users/kmill/The Pennsylvania State University/Rolls, Barbara Jean - currated_data/1992_eatdis_deprivation/data/raw/sub-ac90_assay-microstructure_cond-control.csv",sub-ac90_assay-microstructure_cond-control.csv,data,microstructure
"C:/Users/kmill/The Pennsylvania State University/Rolls, Barbara Jean - currated_data/1992_eatdis_deprivation/data/raw/sub-ac90_assay-microstructure_cond-deprivaiton.csv",sub-ac90_assay-microstructure_cond-deprivaiton.csv,data,microstructure
"C:/Users/kmill/The Pennsylvania State University/Rolls, Barbara Jean - currated_data/1992_eatdis_deprivation/data/raw/sub-b22f_assay-microstructure_cond-control.csv",sub-b22f_assay-microstructure_cond-control.csv,data,microstructure
"C:/Users/kmill/The Pennsylvania State University/Rolls, Barbara Jean - currated_data/1992_eatdis_deprivation/data/raw/sub-b22f_assay-microstructure_cond-deprivaiton.csv",sub-b22f_assay-microstructure_cond-deprivaiton.csv,data,microstructure
"C:/Users/kmill/The Pennsylvania State University/Rolls, Barbara Jean - currated_data/1992_eatdis_deprivation/data/raw/sub-b615_assay-microstructure_cond-control.csv",sub-b615_assay-microstructure_cond-control.csv,data,microstructure
"C:/Users/kmill/The Pennsylvania State University/Rolls, Barbara Jean - currated_data/1992_eatdis_deprivation/data/raw/sub-b615_assay-microstructure_cond-deprivaiton.csv",sub-b615_assay-microstructure_cond-deprivaiton.csv,data,microstructure
"C:/Users/kmill/The Pennsylvania State University/Rolls, Barbara Jean - currated_data/1992_eatdis_deprivation/data/raw/sub-b6d5_assay-microstructure_cond-control.csv",sub-b6d5_assay-microstructure_cond-control.csv,data,microstructure
"C:/Users/kmill/The Pennsylvania State University/Rolls, Barbara Jean - currated_data/1992_eatdis_deprivation/data/raw/sub-b6d5_assay-microstructure_cond-deprivaiton.csv",sub-b6d5_assay-microstructure_cond-deprivaiton.csv,data,microstructure
"C:/Users/kmill/The Pennsylvania State University/Rolls, Barbara Jean - currated_data/1992_eatdis_deprivation/data/raw/sub-b7da_assay-microstructure_cond-control.csv",sub-b7da_assay-microstructure_cond-control.csv,data,microstructure
"C:/Users/kmill/The Pennsylvania State University/Rolls, Barbara Jean - currated_data/1992_eatdis_deprivation/data/raw/sub-b7da_assay-microstructure_cond-deprivaiton.csv",sub-b7da_assay-microstructure_cond-deprivaiton.csv,data,microstructure
"C:/Users/kmill/The Pennsylvania State University/Rolls, Barbara Jean - currated_data/1992_eatdis_deprivation/data/raw/sub-bb2b_assay-microstructure_cond-control.csv",sub-bb2b_assay-microstructure_cond-control.csv,data,microstructure
"C:/Users/kmill/The Pennsylvania State University/Rolls, Barbara Jean - currated_data/1992_eatdis_deprivation/data/raw/sub-bb2b_assay-microstructure_cond-deprivaiton.csv",sub-bb2b_assay-microstructure_cond-deprivaiton.csv,data,microstructure
"C:/Users/kmill/The Pennsylvania State University/Rolls, Barbara Jean - currated_data/1992_eatdis_deprivation/data/raw/sub-bb72_assay-microstructure_cond-control.csv",sub-bb72_assay-microstructure_cond-control.csv,data,microstructure
"C:/Users/kmill/The Pennsylvania State University/Rolls, Barbara Jean - currated_data/1992_eatdis_deprivation/data/raw/sub-bb72_assay-microstructure_cond-deprivaiton.csv",sub-bb72_assay-microstructure_cond-deprivaiton.csv,data,microstructure
"C:/Users/kmill/The Pennsylvania State University/Rolls, Barbara Jean - currated_data/1992_eatdis_deprivation/data/raw/sub-bc10_assay-microstructure_cond-control.csv",sub-bc10_assay-microstructure_cond-control.csv,data,microstructure
"C:/Users/kmill/The Pennsylvania State University/Rolls, Barbara Jean - currated_data/1992_eatdis_deprivation/data/raw/sub-bc10_assay-microstructure_cond-deprivaiton.csv",sub-bc10_assay-microstructure_cond-deprivaiton.csv,data,microstructure
"C:/Users/kmill/The Pennsylvania State University/Rolls, Barbara Jean - currated_data/1992_eatdis_deprivation/data/raw/sub-be51_assay-microstructure_cond-control.csv",sub-be51_assay-microstructure_cond-control.csv,data,microstructure
"C:/Users/kmill/The Pennsylvania State University/Rolls, Barbara Jean - currated_data/1992_eatdis_deprivation/data/raw/sub-be51_assay-microstructure_cond-deprivaiton.csv",sub-be51_assay-microstructure_cond-deprivaiton.csv,data,microstructure
"C:/Users/kmill/The Pennsylvania State University/Rolls, Barbara Jean - currated_data/1992_eatdis_deprivation/data/raw/sub-bfb5_assay-microstructure_cond-control.csv",sub-bfb5_assay-microstructure_cond-control.csv,data,microstructure
"C:/Users/kmill/The Pennsylvania State University/Rolls, Barbara Jean - currated_data/1992_eatdis_deprivation/data/raw/sub-bfb5_assay-microstructure_cond-deprivaiton.csv",sub-bfb5_assay-microstructure_cond-deprivaiton.csv,data,microstructure
"C:/Users/kmill/The Pennsylvania State University/Rolls, Barbara Jean - currated_data/1992_eatdis_deprivation/data/raw/sub-c4a4_assay-microstructure_cond-control.csv",sub-c4a4_assay-microstructure_cond-control.csv,data,microstructure
"C:/Users/kmill/The Pennsylvania State University/Rolls, Barbara Jean - currated_data/1992_eatdis_deprivation/data/raw/sub-c4a4_assay-microstructure_cond-deprivaiton.csv",sub-c4a4_assay-microstructure_cond-deprivaiton.csv,data,microstructure
"C:/Users/kmill/The Pennsylvania State University/Rolls, Barbara Jean - currated_data/1992_eatdis_deprivation/data/raw/sub-c901_assay-microstructure_cond-control.csv",sub-c901_assay-microstructure_cond-control.csv,data,microstructure
"C:/Users/kmill/The Pennsylvania State University/Rolls, Barbara Jean - currated_data/1992_eatdis_deprivation/data/raw/sub-c901_assay-microstructure_cond-deprivaiton.csv",sub-c901_assay-microstructure_cond-deprivaiton.csv,data,microstructure
"C:/Users/kmill/The Pennsylvania State University/Rolls, Barbara Jean - currated_data/1992_eatdis_deprivation/data/raw/sub-cb3f_assay-microstructure_cond-control.csv",sub-cb3f_assay-microstructure_cond-control.csv,data,microstructure
"C:/Users/kmill/The Pennsylvania State University/Rolls, Barbara Jean - currated_data/1992_eatdis_deprivation/data/raw/sub-cb3f_assay-microstructure_cond-deprivaiton.csv",sub-cb3f_assay-microstructure_cond-deprivaiton.csv,data,microstructure
"C:/Users/kmill/The Pennsylvania State University/Rolls, Barbara Jean - currated_data/1992_eatdis_deprivation/data/raw/sub-cba4_assay-microstructure_cond-control.csv",sub-cba4_assay-microstructure_cond-control.csv,data,microstructure
"C:/Users/kmill/The Pennsylvania State University/Rolls, Barbara Jean - currated_data/1992_eatdis_deprivation/data/raw/sub-cba4_assay-microstructure_cond-deprivaiton.csv",sub-cba4_assay-microstructure_cond-deprivaiton.csv,data,microstructure
"C:/Users/kmill/The Pennsylvania State University/Rolls, Barbara Jean - currated_data/1992_eatdis_deprivation/data/raw/sub-d1b5_assay-microstructure_cond-control.csv",sub-d1b5_assay-microstructure_cond-control.csv,data,microstructure
"C:/Users/kmill/The Pennsylvania State University/Rolls, Barbara Jean - currated_data/1992_eatdis_deprivation/data/raw/sub-d1b5_assay-microstructure_cond-deprivaiton.csv",sub-d1b5_assay-microstructure_cond-deprivaiton.csv,data,microstructure
"C:/Users/kmill/The Pennsylvania State University/Rolls, Barbara Jean - currated_data/1992_eatdis_deprivation/data/raw/sub-d33f_assay-microstructure_cond-control.csv",sub-d33f_assay-microstructure_cond-control.csv,data,microstructure
"C:/Users/kmill/The Pennsylvania State University/Rolls, Barbara Jean - currated_data/1992_eatdis_deprivation/data/raw/sub-d33f_assay-microstructure_cond-deprivaiton.csv",sub-d33f_assay-microstructure_cond-deprivaiton.csv,data,microstructure
"C:/Users/kmill/The Pennsylvania State University/Rolls, Barbara Jean - currated_data/1992_eatdis_deprivation/data/raw/sub-d379_assay-microstructure_cond-control.csv",sub-d379_assay-microstructure_cond-control.csv,data,microstructure
"C:/Users/kmill/The Pennsylvania State University/Rolls, Barbara Jean - currated_data/1992_eatdis_deprivation/data/raw/sub-d379_assay-microstructure_cond-deprivaiton.csv",sub-d379_assay-microstructure_cond-deprivaiton.csv,data,microstructure
"C:/Users/kmill/The Pennsylvania State University/Rolls, Barbara Jean - currated_data/1992_eatdis_deprivation/data/raw/sub-d426_assay-microstructure_cond-control.csv",sub-d426_assay-microstructure_cond-control.csv,data,microstructure
"C:/Users/kmill/The Pennsylvania State University/Rolls, Barbara Jean - currated_data/1992_eatdis_deprivation/data/raw/sub-d426_assay-microstructure_cond-deprivaiton.csv",sub-d426_assay-microstructure_cond-deprivaiton.csv,data,microstructure
"C:/Users/kmill/The Pennsylvania State University/Rolls, Barbara Jean - currated_data/1992_eatdis_deprivation/data/raw/sub-d706_assay-microstructure_cond-control.csv",sub-d706_assay-microstructure_cond-control.csv,data,microstructure
"C:/Users/kmill/The Pennsylvania State University/Rolls, Barbara Jean - currated_data/1992_eatdis_deprivation/data/raw/sub-d706_assay-microstructure_cond-deprivaiton.csv",sub-d706_assay-microstructure_cond-deprivaiton.csv,data,microstructure
"C:/Users/kmill/The Pennsylvania State University/Rolls, Barbara Jean - currated_data/1992_eatdis_deprivation/data/raw/sub-dc6d_assay-microstructure_cond-control.csv",sub-dc6d_assay-microstructure_cond-control.csv,data,microstructure
"C:/Users/kmill/The Pennsylvania State University/Rolls, Barbara Jean - currated_data/1992_eatdis_deprivation/data/raw/sub-dc6d_assay-microstructure_cond-deprivaiton.csv",sub-dc6d_assay-microstructure_cond-deprivaiton.csv,data,microstructure
"C:/Users/kmill/The Pennsylvania State University/Rolls, Barbara Jean - currated_data/1992_eatdis_deprivation/data/raw/sub-de79_assay-microstructure_cond-control.csv",sub-de79_assay-microstructure_cond-control.csv,data,microstructure
"C:/Users/kmill/The Pennsylvania State University/Rolls, Barbara Jean - currated_data/1992_eatdis_deprivation/data/raw/sub-de79_assay-microstructure_cond-deprivaiton.csv",sub-de79_assay-microstructure_cond-deprivaiton.csv,data,microstructure
"C:/Users/kmill/The Pennsylvania State University/Rolls, Barbara Jean - currated_data/1992_eatdis_deprivation/data/raw/sub-df5d_assay-microstructure_cond-control.csv",sub-df5d_assay-microstructure_cond-control.csv,data,microstructure
"C:/Users/kmill/The Pennsylvania State University/Rolls, Barbara Jean - currated_data/1992_eatdis_deprivation/data/raw/sub-df5d_assay-microstructure_cond-deprivaiton.csv",sub-df5d_assay-microstructure_cond-deprivaiton.csv,data,microstructure
"C:/Users/kmill/The Pennsylvania State University/Rolls, Barbara Jean - currated_data/1992_eatdis_deprivation/data/raw/sub-e3c3_assay-microstructure_cond-control.csv",sub-e3c3_assay-microstructure_cond-control.csv,data,microstructure
"C:/Users/kmill/The Pennsylvania State University/Rolls, Barbara Jean - currated_data/1992_eatdis_deprivation/data/raw/sub-e3c3_assay-microstructure_cond-deprivaiton.csv",sub-e3c3_assay-microstructure_cond-deprivaiton.csv,data,microstructure
"C:/Users/kmill/The Pennsylvania State University/Rolls, Barbara Jean - currated_data/1992_eatdis_deprivation/data/raw/sub-e7ac_assay-microstructure_cond-control.csv",sub-e7ac_assay-microstructure_cond-control.csv,data,microstructure
"C:/Users/kmill/The Pennsylvania State University/Rolls, Barbara Jean - currated_data/1992_eatdis_deprivation/data/raw/sub-e7ac_assay-microstructure_cond-deprivaiton.csv",sub-e7ac_assay-microstructure_cond-deprivaiton.csv,data,microstructure
"C:/Users/kmill/The Pennsylvania State University/Rolls, Barbara Jean - currated_data/1992_eatdis_deprivation/data/raw/sub-e874_assay-microstructure_cond-control.csv",sub-e874_assay-microstructure_cond-control.csv,data,microstructure
"C:/Users/kmill/The Pennsylvania State University/Rolls, Barbara Jean - currated_data/1992_eatdis_deprivation/data/raw/sub-e874_assay-microstructure_cond-deprivaiton.csv",sub-e874_assay-microstructure_cond-deprivaiton.csv,data,microstructure
"C:/Users/kmill/The Pennsylvania State University/Rolls, Barbara Jean - currated_data/1992_eatdis_deprivation/data/raw/sub-ef17_assay-microstructure_cond-control.csv",sub-ef17_assay-microstructure_cond-control.csv,data,microstructure
"C:/Users/kmill/The Pennsylvania State University/Rolls, Barbara Jean - currated_data/1992_eatdis_deprivation/data/raw/sub-ef17_assay-microstructure_cond-deprivaiton.csv",sub-ef17_assay-microstructure_cond-deprivaiton.csv,data,microstructure
"C:/Users/kmill/The Pennsylvania State University/Rolls, Barbara Jean - currated_data/1992_eatdis_deprivation/data/raw/sub-f47d_assay-microstructure_cond-control.csv",sub-f47d_assay-microstructure_cond-control.csv,data,microstructure
"C:/Users/kmill/The Pennsylvania State University/Rolls, Barbara Jean - currated_data/1992_eatdis_deprivation/data/raw/sub-f47d_assay-microstructure_cond-deprivaiton.csv",sub-f47d_assay-microstructure_cond-deprivaiton.csv,data,microstructure
"C:/Users/kmill/The Pennsylvania State University/Rolls, Barbara Jean - currated_data/1992_eatdis_deprivation/data/raw/sub-f5ab_assay-microstructure_cond-control.csv",sub-f5ab_assay-microstructure_cond-control.csv,data,microstructure
"C:/Users/kmill/The Pennsylvania State University/Rolls, Barbara Jean - currated_data/1992_eatdis_deprivation/data/raw/sub-f5ab_assay-microstructure_cond-deprivaiton.csv",sub-f5ab_assay-microstructure_cond-deprivaiton.csv,data,microstructure
"C:/Users/kmill/The Pennsylvania State University/Rolls, Barbara Jean - currated_data/1992_eatdis_mealtime/data/raw/sub-015c_assay-microstructure_timepoint-a.csv",sub-015c_assay-microstructure_timepoint-a.csv,data,microstructure
"C:/Users/kmill/The Pennsylvania State University/Rolls, Barbara Jean - currated_data/1992_eatdis_mealtime/data/raw/sub-015c_assay-microstructure_timepoint-b.csv",sub-015c_assay-microstructure_timepoint-b.csv,data,microstructure
"C:/Users/kmill/The Pennsylvania State University/Rolls, Barbara Jean - currated_data/1992_eatdis_mealtime/data/raw/sub-044b_assay-microstructure_timepoint-a.csv",sub-044b_assay-microstructure_timepoint-a.csv,data,microstructure
"C:/Users/kmill/The Pennsylvania State University/Rolls, Barbara Jean - currated_data/1992_eatdis_mealtime/data/raw/sub-044b_assay-microstructure_timepoint-b.csv",sub-044b_assay-microstructure_timepoint-b.csv,data,microstructure
"C:/Users/kmill/The Pennsylvania State University/Rolls, Barbara Jean - currated_data/1992_eatdis_mealtime/data/raw/sub-117e_assay-microstructure_timepoint-a.csv",sub-117e_assay-microstructure_timepoint-a.csv,data,microstructure
"C:/Users/kmill/The Pennsylvania State University/Rolls, Barbara Jean - currated_data/1992_eatdis_mealtime/data/raw/sub-117e_assay-microstructure_timepoint-b.csv",sub-117e_assay-microstructure_timepoint-b.csv,data,microstructure
"C:/Users/kmill/The Pennsylvania State University/Rolls, Barbara Jean - currated_data/1992_eatdis_mealtime/data/raw/sub-12e3_assay-microstructure_timepoint-a.csv",sub-12e3_assay-microstructure_timepoint-a.csv,data,microstructure
"C:/Users/kmill/The Pennsylvania State University/Rolls, Barbara Jean - currated_data/1992_eatdis_mealtime/data/raw/sub-12e3_assay-microstructure_timepoint-b.csv",sub-12e3_assay-microstructure_timepoint-b.csv,data,microstructure
"C:/Users/kmill/The Pennsylvania State University/Rolls, Barbara Jean - currated_data/1992_eatdis_mealtime/data/raw/sub-26b1_assay-microstructure_timepoint-a.csv",sub-26b1_assay-microstructure_timepoint-a.csv,data,microstructure
"C:/Users/kmill/The Pennsylvania State University/Rolls, Barbara Jean - currated_data/1992_eatdis_mealtime/data/raw/sub-26b1_assay-microstructure_timepoint-b.csv",sub-26b1_assay-microstructure_timepoint-b.csv,data,microstructure
"C:/Users/kmill/The Pennsylvania State University/Rolls, Barbara Jean - currated_data/1992_eatdis_mealtime/data/raw/sub-2a94_assay-microstructure_timepoint-a.csv",sub-2a94_assay-microstructure_timepoint-a.csv,data,microstructure
"C:/Users/kmill/The Pennsylvania State University/Rolls, Barbara Jean - currated_data/1992_eatdis_mealtime/data/raw/sub-2a94_assay-microstructure_timepoint-b.csv",sub-2a94_assay-microstructure_timepoint-b.csv,data,microstructure
"C:/Users/kmill/The Pennsylvania State University/Rolls, Barbara Jean - currated_data/1992_eatdis_mealtime/data/raw/sub-31e8_assay-microstructure_timepoint-a.csv",sub-31e8_assay-microstructure_timepoint-a.csv,data,microstructure
"C:/Users/kmill/The Pennsylvania State University/Rolls, Barbara Jean - currated_data/1992_eatdis_mealtime/data/raw/sub-31e8_assay-microstructure_timepoint-b.csv",sub-31e8_assay-microstructure_timepoint-b.csv,data,microstructure
"C:/Users/kmill/The Pennsylvania State University/Rolls, Barbara Jean - currated_data/1992_eatdis_mealtime/data/raw/sub-3520_assay-microstructure_timepoint-a.csv",sub-3520_assay-microstructure_timepoint-a.csv,data,microstructure
"C:/Users/kmill/The Pennsylvania State University/Rolls, Barbara Jean - currated_data/1992_eatdis_mealtime/data/raw/sub-3520_assay-microstructure_timepoint-b.csv",sub-3520_assay-microstructure_timepoint-b.csv,data,microstructure
"C:/Users/kmill/The Pennsylvania State University/Rolls, Barbara Jean - currated_data/1992_eatdis_mealtime/data/raw/sub-3749_assay-microstructure_timepoint-a.csv",sub-3749_assay-microstructure_timepoint-a.csv,data,microstructure
"C:/Users/kmill/The Pennsylvania State University/Rolls, Barbara Jean - currated_data/1992_eatdis_mealtime/data/raw/sub-3749_assay-microstructure_timepoint-b.csv",sub-3749_assay-microstructure_timepoint-b.csv,data,microstructure
"C:/Users/kmill/The Pennsylvania State University/Rolls, Barbara Jean - currated_data/1992_eatdis_mealtime/data/raw/sub-3ba4_assay-microstructure_timepoint-a.csv",sub-3ba4_assay-microstructure_timepoint-a.csv,data,microstructure
"C:/Users/kmill/The Pennsylvania State University/Rolls, Barbara Jean - currated_data/1992_eatdis_mealtime/data/raw/sub-3ba4_assay-microstructure_timepoint-b.csv",sub-3ba4_assay-microstructure_timepoint-b.csv,data,microstructure
"C:/Users/kmill/The Pennsylvania State University/Rolls, Barbara Jean - currated_data/1992_eatdis_mealtime/data/raw/sub-4299_assay-microstructure_timepoint-a.csv",sub-4299_assay-microstructure_timepoint-a.csv,data,microstructure
"C:/Users/kmill/The Pennsylvania State University/Rolls, Barbara Jean - currated_data/1992_eatdis_mealtime/data/raw/sub-4299_assay-microstructure_timepoint-b.csv",sub-4299_assay-microstructure_timepoint-b.csv,data,microstructure
"C:/Users/kmill/The Pennsylvania State University/Rolls, Barbara Jean - currated_data/1992_eatdis_mealtime/data/raw/sub-42ff_assay-microstructure_timepoint-a.csv",sub-42ff_assay-microstructure_timepoint-a.csv,data,microstructure
"C:/Users/kmill/The Pennsylvania State University/Rolls, Barbara Jean - currated_data/1992_eatdis_mealtime/data/raw/sub-42ff_assay-microstructure_timepoint-b.csv",sub-42ff_assay-microstructure_timepoint-b.csv,data,microstructure
"C:/Users/kmill/The Pennsylvania State University/Rolls, Barbara Jean - currated_data/1992_eatdis_mealtime/data/raw/sub-4325_assay-microstructure_timepoint-a.csv",sub-4325_assay-microstructure_timepoint-a.csv,data,microstructure
"C:/Users/kmill/The Pennsylvania State University/Rolls, Barbara Jean - currated_data/1992_eatdis_mealtime/data/raw/sub-4325_assay-microstructure_timepoint-b.csv",sub-4325_assay-microstructure_timepoint-b.csv,data,microstructure
"C:/Users/kmill/The Pennsylvania State University/Rolls, Barbara Jean - currated_data/1992_eatdis_mealtime/data/raw/sub-43c1_assay-microstructure_timepoint-a.csv",sub-43c1_assay-microstructure_timepoint-a.csv,data,microstructure
"C:/Users/kmill/The Pennsylvania State University/Rolls, Barbara Jean - currated_data/1992_eatdis_mealtime/data/raw/sub-43c1_assay-microstructure_timepoint-b.csv",sub-43c1_assay-microstructure_timepoint-b.csv,data,microstructure
"C:/Users/kmill/The Pennsylvania State University/Rolls, Barbara Jean - currated_data/1992_eatdis_mealtime/data/raw/sub-4805_assay-microstructure_timepoint-a.csv",sub-4805_assay-microstructure_timepoint-a.csv,data,microstructure
"C:/Users/kmill/The Pennsylvania State University/Rolls, Barbara Jean - currated_data/1992_eatdis_mealtime/data/raw/sub-4805_assay-microstructure_timepoint-b.csv",sub-4805_assay-microstructure_timepoint-b.csv,data,microstructure
"C:/Users/kmill/The Pennsylvania State University/Rolls, Barbara Jean - currated_data/1992_eatdis_mealtime/data/raw/sub-4b22_assay-microstructure_timepoint-a.csv",sub-4b22_assay-microstructure_timepoint-a.csv,data,microstructure
"C:/Users/kmill/The Pennsylvania State University/Rolls, Barbara Jean - currated_data/1992_eatdis_mealtime/data/raw/sub-4b22_assay-microstructure_timepoint-b.csv",sub-4b22_assay-microstructure_timepoint-b.csv,data,microstructure
"C:/Users/kmill/The Pennsylvania State University/Rolls, Barbara Jean - currated_data/1992_eatdis_mealtime/data/raw/sub-4d17_assay-microstructure_timepoint-a.csv",sub-4d17_assay-microstructure_timepoint-a.csv,data,microstructure
"C:/Users/kmill/The Pennsylvania State University/Rolls, Barbara Jean - currated_data/1992_eatdis_mealtime/data/raw/sub-4d17_assay-microstructure_timepoint-b.csv",sub-4d17_assay-microstructure_timepoint-b.csv,data,microstructure
"C:/Users/kmill/The Pennsylvania State University/Rolls, Barbara Jean - currated_data/1992_eatdis_mealtime/data/raw/sub-54a6_assay-microstructure_timepoint-a.csv",sub-54a6_assay-microstructure_timepoint-a.csv,data,microstructure
"C:/Users/kmill/The Pennsylvania State University/Rolls, Barbara Jean - currated_data/1992_eatdis_mealtime/data/raw/sub-54a6_assay-microstructure_timepoint-b.csv",sub-54a6_assay-microstructure_timepoint-b.csv,data,microstructure
"C:/Users/kmill/The Pennsylvania State University/Rolls, Barbara Jean - currated_data/1992_eatdis_mealtime/data/raw/sub-570b_assay-microstructure_timepoint-a.csv",sub-570b_assay-microstructure_timepoint-a.csv,data,microstructure
"C:/Users/kmill/The Pennsylvania State University/Rolls, Barbara Jean - currated_data/1992_eatdis_mealtime/data/raw/sub-570b_assay-microstructure_timepoint-b.csv",sub-570b_assay-microstructure_timepoint-b.csv,data,microstructure
"C:/Users/kmill/The Pennsylvania State University/Rolls, Barbara Jean - currated_data/1992_eatdis_mealtime/data/raw/sub-57f5_assay-microstructure_timepoint-a.csv",sub-57f5_assay-microstructure_timepoint-a.csv,data,microstructure
"C:/Users/kmill/The Pennsylvania State University/Rolls, Barbara Jean - currated_data/1992_eatdis_mealtime/data/raw/sub-57f5_assay-microstructure_timepoint-b.csv",sub-57f5_assay-microstructure_timepoint-b.csv,data,microstructure
"C:/Users/kmill/The Pennsylvania State University/Rolls, Barbara Jean - currated_data/1992_eatdis_mealtime/data/raw/sub-612c_assay-microstructure_timepoint-a.csv",sub-612c_assay-microstructure_timepoint-a.csv,data,microstructure
"C:/Users/kmill/The Pennsylvania State University/Rolls, Barbara Jean - currated_data/1992_eatdis_mealtime/data/raw/sub-612c_assay-microstructure_timepoint-b.csv",sub-612c_assay-microstructure_timepoint-b.csv,data,microstructure
"C:/Users/kmill/The Pennsylvania State University/Rolls, Barbara Jean - currated_data/1992_eatdis_mealtime/data/raw/sub-68fb_assay-microstructure_timepoint-a.csv",sub-68fb_assay-microstructure_timepoint-a.csv,data,microstructure
"C:/Users/kmill/The Pennsylvania State University/Rolls, Barbara Jean - currated_data/1992_eatdis_mealtime/data/raw/sub-68fb_assay-microstructure_timepoint-b.csv",sub-68fb_assay-microstructure_timepoint-b.csv,data,microstructure
"C:/Users/kmill/The Pennsylvania State University/Rolls, Barbara Jean - currated_data/1992_eatdis_mealtime/data/raw/sub-6fa9_assay-microstructure_timepoint-a.csv",sub-6fa9_assay-microstructure_timepoint-a.csv,data,microstructure
"C:/Users/kmill/The Pennsylvania State University/Rolls, Barbara Jean - currated_data/1992_eatdis_mealtime/data/raw/sub-6fa9_assay-microstructure_timepoint-b.csv",sub-6fa9_assay-microstructure_timepoint-b.csv,data,microstructure
"C:/Users/kmill/The Pennsylvania State University/Rolls, Barbara Jean - currated_data/1992_eatdis_mealtime/data/raw/sub-761f_assay-microstructure_timepoint-a.csv",sub-761f_assay-microstructure_timepoint-a.csv,data,microstructure
"C:/Users/kmill/The Pennsylvania State University/Rolls, Barbara Jean - currated_data/1992_eatdis_mealtime/data/raw/sub-761f_assay-microstructure_timepoint-b.csv",sub-761f_assay-microstructure_timepoint-b.csv,data,microstructure
"C:/Users/kmill/The Pennsylvania State University/Rolls, Barbara Jean - currated_data/1992_eatdis_mealtime/data/raw/sub-79fb_assay-microstructure_timepoint-a.csv",sub-79fb_assay-microstructure_timepoint-a.csv,data,microstructure
"C:/Users/kmill/The Pennsylvania State University/Rolls, Barbara Jean - currated_data/1992_eatdis_mealtime/data/raw/sub-79fb_assay-microstructure_timepoint-b.csv",sub-79fb_assay-microstructure_timepoint-b.csv,data,microstructure
"C:/Users/kmill/The Pennsylvania State University/Rolls, Barbara Jean - currated_data/1992_eatdis_mealtime/data/raw/sub-86cd_assay-microstructure_timepoint-a.csv",sub-86cd_assay-microstructure_timepoint-a.csv,data,microstructure
"C:/Users/kmill/The Pennsylvania State University/Rolls, Barbara Jean - currated_data/1992_eatdis_mealtime/data/raw/sub-86cd_assay-microstructure_timepoint-b.csv",sub-86cd_assay-microstructure_timepoint-b.csv,data,microstructure
"C:/Users/kmill/The Pennsylvania State University/Rolls, Barbara Jean - currated_data/1992_eatdis_mealtime/data/raw/sub-8b39_assay-microstructure_timepoint-a.csv",sub-8b39_assay-microstructure_timepoint-a.csv,data,microstructure
"C:/Users/kmill/The Pennsylvania State University/Rolls, Barbara Jean - currated_data/1992_eatdis_mealtime/data/raw/sub-8b39_assay-microstructure_timepoint-b.csv",sub-8b39_assay-microstructure_timepoint-b.csv,data,microstructure
"C:/Users/kmill/The Pennsylvania State University/Rolls, Barbara Jean - currated_data/1992_eatdis_mealtime/data/raw/sub-960c_assay-microstructure_timepoint-a.csv",sub-960c_assay-microstructure_timepoint-a.csv,data,microstructure
"C:/Users/kmill/The Pennsylvania State University/Rolls, Barbara Jean - currated_data/1992_eatdis_mealtime/data/raw/sub-960c_assay-microstructure_timepoint-b.csv",sub-960c_assay-microstructure_timepoint-b.csv,data,microstructure
"C:/Users/kmill/The Pennsylvania State University/Rolls, Barbara Jean - currated_data/1992_eatdis_mealtime/data/raw/sub-9746_assay-microstructure_timepoint-a.csv",sub-9746_assay-microstructure_timepoint-a.csv,data,microstructure
"C:/Users/kmill/The Pennsylvania State University/Rolls, Barbara Jean - currated_data/1992_eatdis_mealtime/data/raw/sub-9746_assay-microstructure_timepoint-b.csv",sub-9746_assay-microstructure_timepoint-b.csv,data,microstructure
"C:/Users/kmill/The Pennsylvania State University/Rolls, Barbara Jean - currated_data/1992_eatdis_mealtime/data/raw/sub-9935_assay-microstructure_timepoint-a.csv",sub-9935_assay-microstructure_timepoint-a.csv,data,microstructure
"C:/Users/kmill/The Pennsylvania State University/Rolls, Barbara Jean - currated_data/1992_eatdis_mealtime/data/raw/sub-9935_assay-microstructure_timepoint-b.csv",sub-9935_assay-microstructure_timepoint-b.csv,data,microstructure
"C:/Users/kmill/The Pennsylvania State University/Rolls, Barbara Jean - currated_data/1992_eatdis_mealtime/data/raw/sub-9996_assay-microstructure_timepoint-a.csv",sub-9996_assay-microstructure_timepoint-a.csv,data,microstructure
"C:/Users/kmill/The Pennsylvania State University/Rolls, Barbara Jean - currated_data/1992_eatdis_mealtime/data/raw/sub-9996_assay-microstructure_timepoint-b.csv",sub-9996_assay-microstructure_timepoint-b.csv,data,microstructure
"C:/Users/kmill/The Pennsylvania State University/Rolls, Barbara Jean - currated_data/1992_eatdis_mealtime/data/raw/sub-9d62_assay-microstructure_timepoint-a.csv",sub-9d62_assay-microstructure_timepoint-a.csv,data,microstructure
"C:/Users/kmill/The Pennsylvania State University/Rolls, Barbara Jean - currated_data/1992_eatdis_mealtime/data/raw/sub-9d62_assay-microstructure_timepoint-b.csv",sub-9d62_assay-microstructure_timepoint-b.csv,data,microstructure
"C:/Users/kmill/The Pennsylvania State University/Rolls, Barbara Jean - currated_data/1992_eatdis_mealtime/data/raw/sub-9ec8_assay-microstructure_timepoint-a.csv",sub-9ec8_assay-microstructure_timepoint-a.csv,data,microstructure
"C:/Users/kmill/The Pennsylvania State University/Rolls, Barbara Jean - currated_data/1992_eatdis_mealtime/data/raw/sub-9ec8_assay-microstructure_timepoint-b.csv",sub-9ec8_assay-microstructure_timepoint-b.csv,data,microstructure
"C:/Users/kmill/The Pennsylvania State University/Rolls, Barbara Jean - currated_data/1992_eatdis_mealtime/data/raw/sub-a72e_assay-microstructure_timepoint-a.csv",sub-a72e_assay-microstructure_timepoint-a.csv,data,microstructure
"C:/Users/kmill/The Pennsylvania State University/Rolls, Barbara Jean - currated_data/1992_eatdis_mealtime/data/raw/sub-a72e_assay-microstructure_timepoint-b.csv",sub-a72e_assay-microstructure_timepoint-b.csv,data,microstructure
"C:/Users/kmill/The Pennsylvania State University/Rolls, Barbara Jean - currated_data/1992_eatdis_mealtime/data/raw/sub-aaca_assay-microstructure_timepoint-a.csv",sub-aaca_assay-microstructure_timepoint-a.csv,data,microstructure
"C:/Users/kmill/The Pennsylvania State University/Rolls, Barbara Jean - currated_data/1992_eatdis_mealtime/data/raw/sub-aaca_assay-microstructure_timepoint-b.csv",sub-aaca_assay-microstructure_timepoint-b.csv,data,microstructure
"C:/Users/kmill/The Pennsylvania State University/Rolls, Barbara Jean - currated_data/1992_eatdis_mealtime/data/raw/sub-b134_assay-microstructure_timepoint-a.csv",sub-b134_assay-microstructure_timepoint-a.csv,data,microstructure
"C:/Users/kmill/The Pennsylvania State University/Rolls, Barbara Jean - currated_data/1992_eatdis_mealtime/data/raw/sub-b134_assay-microstructure_timepoint-b.csv",sub-b134_assay-microstructure_timepoint-b.csv,data,microstructure
"C:/Users/kmill/The Pennsylvania State University/Rolls, Barbara Jean - currated_data/1992_eatdis_mealtime/data/raw/sub-b451_assay-microstructure_timepoint-a.csv",sub-b451_assay-microstructure_timepoint-a.csv,data,microstructure
"C:/Users/kmill/The Pennsylvania State University/Rolls, Barbara Jean - currated_data/1992_eatdis_mealtime/data/raw/sub-b451_assay-microstructure_timepoint-b.csv",sub-b451_assay-microstructure_timepoint-b.csv,data,microstructure
"C:/Users/kmill/The Pennsylvania State University/Rolls, Barbara Jean - currated_data/1992_eatdis_mealtime/data/raw/sub-c4dc_assay-microstructure_timepoint-a.csv",sub-c4dc_assay-microstructure_timepoint-a.csv,data,microstructure
"C:/Users/kmill/The Pennsylvania State University/Rolls, Barbara Jean - currated_data/1992_eatdis_mealtime/data/raw/sub-c4dc_assay-microstructure_timepoint-b.csv",sub-c4dc_assay-microstructure_timepoint-b.csv,data,microstructure
"C:/Users/kmill/The Pennsylvania State University/Rolls, Barbara Jean - currated_data/1992_eatdis_mealtime/data/raw/sub-c524_assay-microstructure_timepoint-a.csv",sub-c524_assay-microstructure_timepoint-a.csv,data,microstructure
"C:/Users/kmill/The Pennsylvania State University/Rolls, Barbara Jean - currated_data/1992_eatdis_mealtime/data/raw/sub-c524_assay-microstructure_timepoint-b.csv",sub-c524_assay-microstructure_timepoint-b.csv,data,microstructure
"C:/Users/kmill/The Pennsylvania State University/Rolls, Barbara Jean - currated_data/1992_eatdis_mealtime/data/raw/sub-c52c_assay-microstructure_timepoint-a.csv",sub-c52c_assay-microstructure_timepoint-a.csv,data,microstructure
"C:/Users/kmill/The Pennsylvania State University/Rolls, Barbara Jean - currated_data/1992_eatdis_mealtime/data/raw/sub-c52c_assay-microstructure_timepoint-b.csv",sub-c52c_assay-microstructure_timepoint-b.csv,data,microstructure
"C:/Users/kmill/The Pennsylvania State University/Rolls, Barbara Jean - currated_data/1992_eatdis_mealtime/data/raw/sub-c5c4_assay-microstructure_timepoint-a.csv",sub-c5c4_assay-microstructure_timepoint-a.csv,data,microstructure
"C:/Users/kmill/The Pennsylvania State University/Rolls, Barbara Jean - currated_data/1992_eatdis_mealtime/data/raw/sub-c5c4_assay-microstructure_timepoint-b.csv",sub-c5c4_assay-microstructure_timepoint-b.csv,data,microstructure
"C:/Users/kmill/The Pennsylvania State University/Rolls, Barbara Jean - currated_data/1992_eatdis_mealtime/data/raw/sub-cfd3_assay-microstructure_timepoint-a.csv",sub-cfd3_assay-microstructure_timepoint-a.csv,data,microstructure
"C:/Users/kmill/The Pennsylvania State University/Rolls, Barbara Jean - currated_data/1992_eatdis_mealtime/data/raw/sub-cfd3_assay-microstructure_timepoint-b.csv",sub-cfd3_assay-microstructure_timepoint-b.csv,data,microstructure
"C:/Users/kmill/The Pennsylvania State University/Rolls, Barbara Jean - currated_data/1992_eatdis_mealtime/data/raw/sub-d2aa_assay-microstructure_timepoint-a.csv",sub-d2aa_assay-microstructure_timepoint-a.csv,data,microstructure
"C:/Users/kmill/The Pennsylvania State University/Rolls, Barbara Jean - currated_data/1992_eatdis_mealtime/data/raw/sub-d2aa_assay-microstructure_timepoint-b.csv",sub-d2aa_assay-microstructure_timepoint-b.csv,data,microstructure
"C:/Users/kmill/The Pennsylvania State University/Rolls, Barbara Jean - currated_data/1992_eatdis_mealtime/data/raw/sub-da6e_assay-microstructure_timepoint-a.csv",sub-da6e_assay-microstructure_timepoint-a.csv,data,microstructure
"C:/Users/kmill/The Pennsylvania State University/Rolls, Barbara Jean - currated_data/1992_eatdis_mealtime/data/raw/sub-da6e_assay-microstructure_timepoint-b.csv",sub-da6e_assay-microstructure_timepoint-b.csv,data,microstructure
"C:/Users/kmill/The Pennsylvania State University/Rolls, Barbara Jean - currated_data/1992_eatdis_mealtime/data/raw/sub-e6b2_assay-microstructure_timepoint-a.csv",sub-e6b2_assay-microstructure_timepoint-a.csv,data,microstructure
"C:/Users/kmill/The Pennsylvania State University/Rolls, Barbara Jean - currated_data/1992_eatdis_mealtime/data/raw/sub-e6b2_assay-microstructure_timepoint-b.csv",sub-e6b2_assay-microstructure_timepoint-b.csv,data,microstructure
"C:/Users/kmill/The Pennsylvania State University/Rolls, Barbara Jean - currated_data/1992_eatdis_mealtime/data/raw/sub-e7dc_assay-microstructure_timepoint-a.csv",sub-e7dc_assay-microstructure_timepoint-a.csv,data,microstructure
"C:/Users/kmill/The Pennsylvania State University/Rolls, Barbara Jean - currated_data/1992_eatdis_mealtime/data/raw/sub-e7dc_assay-microstructure_timepoint-b.csv",sub-e7dc_assay-microstructure_timepoint-b.csv,data,microstructure
"C:/Users/kmill/The Pennsylvania State University/Rolls, Barbara Jean - currated_data/1992_eatdis_mealtime/data/raw/sub-eac6_assay-microstructure_timepoint-a.csv",sub-eac6_assay-microstructure_timepoint-a.csv,data,microstructure
"C:/Users/kmill/The Pennsylvania State University/Rolls, Barbara Jean - currated_data/1992_eatdis_mealtime/data/raw/sub-eac6_assay-microstructure_timepoint-b.csv",sub-eac6_assay-microstructure_timepoint-b.csv,data,microstructure
"C:/Users/kmill/The Pennsylvania State University/Rolls, Barbara Jean - currated_data/1992_eatdis_mealtime/data/raw/sub-f1e2_assay-microstructure_timepoint-a.csv",sub-f1e2_assay-microstructure_timepoint-a.csv,data,microstructure
"C:/Users/kmill/The Pennsylvania State University/Rolls, Barbara Jean - currated_data/1992_eatdis_mealtime/data/raw/sub-f1e2_assay-microstructure_timepoint-b.csv",sub-f1e2_assay-microstructure_timepoint-b.csv,data,microstructure
